File,Sample,actin,tuba,tubb,efact,pst130_p495001
merged_Cook_exp_PST_104E_count_0.tsv,01_01,122.0,397.0,43.75,482.0,43.4286
merged_Cook_exp_PST_104E_count_0.tsv,09_01,408.5,2616.0,139.00005,1094.0,401.0
merged_Cook_exp_PST_104E_count_0.tsv,14_01,63.5,256.5,18.0,122.0,195.0
merged_Cook_exp_PST_104E_count_0.tsv,11_02,208.5,392.0,66.5,465.5,274.0
merged_Cook_exp_PST_104E_count_0.tsv,12_06,422.5,2152.5,194.5,981.5,662.0
merged_Cook_exp_PST_104E_count_0.tsv,12_07,284.0,184.5,66.0,431.0,24.6
merged_Cook_exp_PST_104E_count_0.tsv,12_09,490.0,2678.0,159.250025,1135.5,2.0
merged_Cook_exp_PST_104E_count_0.tsv,12_11,316.5,1440.0,137.500075,589.0,809.0
merged_Ozketen_exp_PST_104E_count_0.tsv,SRR9185093,10.5,1.0,1.0,0.0,0.0
merged_Ozketen_exp_PST_104E_count_0.tsv,SRR9185094,1152.5,745.0,407.5,31.0,83.0
merged_van_Schalwyk_exp_PST_104E_count_0.tsv,14_K2,10625.0,4531.5,2786.7765,552.5,720.0
merged_van_Schalwyk_exp_PST_104E_count_0.tsv,14_K4,351.0,2163.0,148.25,817.167,628.0
merged_van_Schalwyk_exp_PST_104E_count_0.tsv,14_K5,1688.5,2737.5,319.0,727.0,1351.0
merged_van_Schalwyk_exp_PST_104E_count_0.tsv,14_K6,131.0,1007.0,60.75,345.951,384.0
merged_van_Schalwyk_exp_PST_104E_count_0.tsv,14_K7,301.0,1749.0,86.25005,516.5,501.0
merged_van_Schalwyk_exp_PST_104E_count_0.tsv,14_K8,154.0,760.5,45.499975,348.0,382.0
merged_van_Schalwyk_exp_PST_104E_count_0.tsv,14_K9,210.0,1064.0,86.0001,716.0,593.0
merged_van_Schalwyk_exp_PST_104E_count_0.tsv,14_K10,253.5,260.5,58.75005,367.5,71.0
merged_van_Schalwyk_exp_PST_104E_count_0.tsv,14_K11,537.0,1440.0,159.42700000000002,538.5,948.351
merged_van_Schalwyk_exp_PST_104E_count_0.tsv,14_K12,658.5,2382.5,210.25,874.0,1330.0
merged_van_Schalwyk_exp_PST_104E_count_0.tsv,14_K13,417.0,1984.5,161.75,662.5,889.0
merged_van_Schalwyk_exp_PST_104E_count_0.tsv,14_K14,187.0,875.0,78.25,528.0,341.0
merged_van_Schalwyk_exp_PST_104E_count_0.tsv,14_K15,1247.5,2466.0,290.25,667.543,2470.0
merged_van_Schalwyk_exp_PST_104E_count_0.tsv,14_SADL1,33.5,232.5,14.0,62.5,74.9998
merged_van_Schalwyk_exp_PST_104E_count_0.tsv,14_SADL2,32.0,170.0,6.749992499999999,63.0,77.0
merged_van_Schalwyk_exp_PST_104E_count_0.tsv,14_SADL3,388.0,2202.5,129.25,1394.0,431.0
merged_van_Schalwyk_exp_PST_104E_count_0.tsv,14_SADL4,336.5,219.0,74.499875,360.5,42.0
merged_van_Schalwyk_exp_PST_104E_count_0.tsv,14_SADL5,507.5,245.0,238.06295,13.3217,0.0
merged_van_Schalwyk_exp_PST_104E_count_0.tsv,14_SADL6,1615.5,744.0,429.75025,65.5,96.0
merged_van_Schalwyk_exp_PST_104E_count_0.tsv,14_SATT1,13347.0,4743.5,2970.75,424.5,737.847
merged_van_Schalwyk_exp_PST_104E_count_0.tsv,14_SATT2,469.5,1976.5,135.5,910.5,443.0
merged_van_Schalwyk_exp_PST_104E_count_0.tsv,14_SATT3,477.0,2503.5,229.5,1639.0,845.0
merged_van_Schalwyk_exp_PST_104E_count_0.tsv,14_SATT4,1653.5,3411.0,289.75,977.5,1380.0
merged_van_Schalwyk_exp_PST_104E_count_0.tsv,14_SATT5,317.0,1903.5,110.0,839.5,418.0
merged_van_Schalwyk_exp_PST_104E_count_0.tsv,13_SAZP1,239.5,2218.5,121.25,1780.0,312.0
merged_van_Schalwyk_exp_PST_104E_count_0.tsv,14_SAZP2,126.5,747.5,27.0,361.0,2.0
merged_van_Schalwyk_exp_PST_104E_count_0.tsv,14_SAZP3,299.5,170.5,103.0,510.5,40.0
merged_van_Schalwyk_exp_PST_104E_count_0.tsv,15_SAZP1,1928.5,1007.5,642.5012499999999,59.5,93.0
merged_van_Schalwyk_exp_PST_104E_count_0.tsv,15_SAZP2,922.5,592.0,303.91792499999997,38.5,60.0
merged_van_Schalwyk_exp_PST_104E_count_0.tsv,15_SAZP3,1939.0,1007.0,656.2507499999999,80.5,156.0
merged_van_Schalwyk_exp_PST_104E_count_0.tsv,15_SAZP4,239.0,75.5,48.7500675,17.5,1.5
merged_van_Schalwyk_exp_PST_104E_count_0.tsv,15_SAZP5,3411.0,1136.0,768.25025,191.0,127.0
merged_van_Schalwyk_exp_PST_104E_count_0.tsv,15_SAZP6,3919.5,1463.0,649.2489999999999,157.5,92.0
merged_van_Schalwyk_exp_PST_104E_count_0.tsv,15_SAZP7,2678.0,813.0,483.74875,147.5,47.0
merged_van_Schalwyk_exp_PST_104E_count_0.tsv,15_SAZP8,1231.0,256.0,165.7499,52.5,9.0
merged_van_Schalwyk_exp_PST_104E_count_0.tsv,15_SAZP9,5456.0,1336.0,1025.249,373.0,316.0
merged_van_Schalwyk_exp_PST_104E_count_0.tsv,15_SAZP10,4056.0,1326.5,932.75,261.5,169.0
merged_van_Schalwyk_exp_PST_104E_count_0.tsv,15_SAZP11,3946.0,1275.0,702.49975,272.5,138.0
merged_van_Schalwyk_exp_PST_104E_count_0.tsv,15_SAZP12,3862.0,1281.0,707.5012499999999,215.0,49.0
merged_Radhakrishnan_exp_PST_104E_count_0.tsv,15_0078,8084.5,4051.0,2423.25,370.0,593.0
merged_Radhakrishnan_exp_PST_104E_count_0.tsv,15_0188,7030.5,2014.5,1745.75125,394.0,611.0
merged_Radhakrishnan_exp_PST_104E_count_0.tsv,15_0189,8185.5,2883.5,1984.25,486.5,480.0
merged_Radhakrishnan_exp_PST_104E_count_0.tsv,15_0190,9175.5,2892.5,2312.7309999999998,471.5,1059.0
merged_Radhakrishnan_exp_PST_104E_count_0.tsv,15_0191,6808.0,1898.5,1472.74975,423.5,498.0
merged_Radhakrishnan_exp_PST_104E_count_0.tsv,15_0305,2180.0,1165.5,470.24875,98.1598,73.0
merged_Radhakrishnan_exp_PST_104E_count_0.tsv,15_0306,1807.0,826.5,435.75,84.5,92.0
merged_Radhakrishnan_exp_PST_104E_count_0.tsv,15_0308,2378.5,698.0,536.00125,89.5,582.0
merged_Radhakrishnan_exp_PST_104E_count_0.tsv,15_0348,6211.0,1968.5,1436.5,365.0,269.0
merged_Radhakrishnan_exp_PST_104E_count_0.tsv,15_0349,1425.0,401.0,366.75,93.0,148.0
merged_Radhakrishnan_exp_PST_104E_count_0.tsv,15_0350,6172.0,1881.0,1411.9585000000002,461.5,393.0
merged_Radhakrishnan_exp_PST_104E_count_0.tsv,15_0351,1009.5,258.5,138.25,44.5,20.0
merged_Radhakrishnan_exp_PST_104E_count_0.tsv,15_0353,7591.5,2690.0,1768.75,405.5,328.0
merged_Radhakrishnan_exp_PST_104E_count_0.tsv,15_0354,1582.0,377.5,288.25,146.5,145.0
merged_Radhakrishnan_exp_PST_104E_count_0.tsv,15_0355,380.5,75.5,46.5,15.0,21.0
merged_Radhakrishnan_exp_PST_104E_count_0.tsv,15_0356,7031.5,1916.5,1508.25,440.0,50.0
merged_Radhakrishnan_exp_PST_104E_count_0.tsv,15_0357,4669.5,1809.0,1206.1999999999998,212.5,466.0
merged_Radhakrishnan_exp_PST_104E_count_0.tsv,15_0359,1084.5,294.0,163.5,33.5,25.0
merged_Radhakrishnan_exp_PST_104E_count_0.tsv,15_0360,5624.0,2039.5,977.5,263.5,218.0
merged_Radhakrishnan_exp_PST_104E_count_0.tsv,15_0361,4042.0,726.0,363.75,152.5,80.0
merged_Radhakrishnan_exp_PST_104E_count_0.tsv,15_0363,7707.0,2939.0,2412.527,410.5,422.0
merged_Radhakrishnan_exp_PST_104E_count_0.tsv,15_0365,1459.0,153.0,229.08249999999998,142.5,82.0
merged_Radhakrishnan_exp_PST_104E_count_0.tsv,15_0366,5304.5,1444.0,1151.632,274.0,238.0
merged_Radhakrishnan_exp_PST_104E_count_0.tsv,15_0367,4869.5,1555.5,1099.25,203.0,241.0
merged_Radhakrishnan_exp_PST_104E_count_0.tsv,15_0409,1459.5,469.0,302.5,54.0,100.0
merged_Radhakrishnan_exp_PST_104E_count_0.tsv,15_0573,4748.5,1282.5,1273.2505,258.0,145.0
merged_Radhakrishnan_exp_PST_104E_count_0.tsv,15_0574,4517.5,1329.5,1176.25025,274.0,161.0
merged_Radhakrishnan_exp_PST_104E_count_0.tsv,15_0579,3410.5,872.5,965.16625,276.028,115.0
merged_Radhakrishnan_exp_PST_104E_count_0.tsv,15_0596,8957.0,2958.5,2207.25,445.0,487.0
merged_Radhakrishnan_exp_PST_104E_count_0.tsv,15_0597,6047.5,1914.5,1865.0,378.0,390.0
merged_Radhakrishnan_exp_PST_104E_count_0.tsv,15_0604,7440.5,1910.5,1741.0,423.0,521.0
merged_Radhakrishnan_exp_PST_104E_count_0.tsv,15_0606,10129.0,3272.0,2653.308,551.0,556.0
merged_Radhakrishnan_exp_PST_104E_count_0.tsv,15_0608,6143.5,2075.0,1578.75,329.0,400.331
merged_Radhakrishnan_exp_PST_104E_count_0.tsv,15_0609,12209.5,4197.0,3222.75,643.0,819.374
merged_Radhakrishnan_exp_PST_104E_count_0.tsv,16_0142,7223.5,3199.0,1763.5,385.0,454.0
merged_Radhakrishnan_exp_PST_104E_count_0.tsv,16_0144,6850.5,1866.5,1640.8290000000002,244.0,288.0
merged_Radhakrishnan_exp_PST_104E_count_0.tsv,16_0145,16297.0,8152.0,3936.701,1400.0,1312.0
merged_Radhakrishnan_exp_PST_104E_count_0.tsv,16_0182,3948.0,1646.0,742.0,174.0,428.0
merged_Radhakrishnan_exp_PST_104E_count_0.tsv,16_0183,3246.0,1150.0,520.75,156.0,721.0
merged_Radhakrishnan_exp_PST_104E_count_0.tsv,16_0186,12690.5,4630.0,2228.75,437.5,937.0
merged_Radhakrishnan_exp_PST_104E_count_0.tsv,16_0527,9956.0,3532.5,2036.25,359.5,523.0
merged_Radhakrishnan_exp_PST_104E_count_0.tsv,16_0529,2153.5,1131.5,489.49924999999996,137.5,95.0
merged_Radhakrishnan_exp_PST_104E_count_0.tsv,16_0535,16642.0,6322.0,3405.5,583.0,1167.1
merged_Radhakrishnan_exp_PST_104E_count_0.tsv,16_0536,10403.5,3943.5,2623.75,664.0,888.0
merged_Radhakrishnan_exp_PST_104E_count_0.tsv,16_0548,12302.0,5098.0,2989.75,631.5,621.0
merged_Radhakrishnan_exp_PST_104E_count_0.tsv,16_0771,2854.5,1850.0,1011.2505000000001,77.5,379.0
merged_Radhakrishnan_exp_PST_104E_count_0.tsv,16_0774,7371.5,2374.0,1542.5002499999998,361.5,260.0
merged_Radhakrishnan_exp_PST_104E_count_0.tsv,16_0775,7195.5,2797.0,1669.99925,398.5,413.0
merged_Radhakrishnan_exp_PST_104E_count_0.tsv,16_0776,5906.0,1611.0,1235.99975,329.0,104.0
merged_Radhakrishnan_exp_PST_104E_count_0.tsv,16_0779,6383.5,2665.5,1256.24975,261.0,307.0
merged_Radhakrishnan_exp_PST_104E_count_0.tsv,16_0783,7484.5,3701.5,3118.0,350.0,480.0
merged_Radhakrishnan_exp_PST_104E_count_0.tsv,16_0786,7791.5,3170.5,3083.25,349.0,397.0
merged_Radhakrishnan_exp_PST_104E_count_0.tsv,16_0789,10781.0,3541.5,4276.827499999999,551.5,271.0
merged_Radhakrishnan_exp_PST_104E_count_0.tsv,16_0794,9791.0,3968.5,3554.5135000000005,468.0,279.0
merged_Radhakrishnan_exp_PST_104E_count_0.tsv,16_0796,10275.5,3801.0,3778.9164999999994,427.0,416.769
merged_Radhakrishnan_exp_PST_104E_count_0.tsv,16_0804,12307.5,5991.0,3618.51,376.5,702.0
merged_Radhakrishnan_exp_PST_104E_count_0.tsv,16_0883,6414.5,2746.5,1813.5,363.5,640.0
merged_Radhakrishnan_exp_PST_104E_count_0.tsv,17_0189,7425.5,2610.5,2276.589,392.0,776.0
merged_Radhakrishnan_exp_PST_104E_count_0.tsv,17_0190,7487.5,3497.0,2245.0,362.0,593.0
merged_Radhakrishnan_exp_PST_104E_count_0.tsv,17_0191,8678.5,3393.0,2719.75,375.5,668.0
merged_Radhakrishnan_exp_PST_104E_count_0.tsv,17_0192,6161.5,1976.0,2178.25,425.0,521.0
merged_Radhakrishnan_exp_PST_104E_count_0.tsv,17_0193,7460.5,1958.5,2637.25,486.5,896.0
merged_Radhakrishnan_exp_PST_104E_count_0.tsv,17_0194,9397.5,2778.5,2380.75,501.5,390.0
merged_Radhakrishnan_exp_PST_104E_count_0.tsv,17_0197,8421.0,2296.5,1849.00075,380.0,678.0
merged_Radhakrishnan_exp_PST_104E_count_0.tsv,17_0203,6591.5,2888.0,1808.5777500000004,336.0,484.0
merged_Radhakrishnan_exp_PST_104E_count_0.tsv,17_0204,4792.5,1614.5,1303.249,252.789,351.0
merged_Radhakrishnan_exp_PST_104E_count_0.tsv,17_0207,7690.0,3064.0,2111.25,344.0,799.0
merged_Radhakrishnan_exp_PST_104E_count_0.tsv,17_0208,5144.5,2514.0,1495.251,269.0,992.0
merged_Radhakrishnan_exp_PST_104E_count_0.tsv,17_0286,3395.0,935.5,626.25,127.0,50.0
merged_Radhakrishnan_exp_PST_104E_count_0.tsv,17_0489,7555.5,3009.0,2088.25,353.5,657.0
merged_Radhakrishnan_exp_PST_104E_count_0.tsv,17_0490,7843.5,3462.0,2297.5535,442.0,784.0
merged_Radhakrishnan_exp_PST_104E_count_0.tsv,17_0491,5269.0,2092.0,1293.32375,322.5,541.0
merged_Radhakrishnan_exp_PST_104E_count_0.tsv,17_0492,8117.0,3756.0,2231.25,425.5,651.675
merged_Radhakrishnan_exp_PST_104E_count_0.tsv,17_0493,13150.0,5931.5,3743.2425000000003,641.5,282.0
merged_Radhakrishnan_exp_PST_104E_count_0.tsv,17_0494,8655.0,3689.5,2577.5,540.0,773.0
merged_Radhakrishnan_exp_PST_104E_count_0.tsv,17_0495,12254.0,5544.0,3352.255,909.0,686.0
merged_Radhakrishnan_exp_PST_104E_count_0.tsv,17_0496,8605.5,4412.5,2321.5,551.5,695.004
merged_Radhakrishnan_exp_PST_104E_count_0.tsv,17_0497,7689.5,3439.0,1794.001,408.5,484.0
merged_Radhakrishnan_exp_PST_104E_count_0.tsv,17_0498,6950.0,2522.0,2068.25,417.5,703.0
merged_Radhakrishnan_exp_PST_104E_count_0.tsv,17_0499,9443.0,4278.0,2713.75,741.5,682.215
merged_Radhakrishnan_exp_PST_104E_count_0.tsv,17_0500,5967.5,2569.5,1719.00025,415.5,513.0
merged_Radhakrishnan_exp_PST_104E_count_0.tsv,17_0501,4145.0,1851.5,925.2495,203.5,297.0
merged_Radhakrishnan_exp_PST_104E_count_0.tsv,17_0503,6422.0,2735.5,1893.74975,453.0,560.0
merged_Radhakrishnan_exp_PST_104E_count_0.tsv,17_0510,2644.5,1054.0,701.74875,107.0,173.0
merged_Radhakrishnan_exp_PST_104E_count_0.tsv,17_0511,3188.5,1803.0,810.0387499999999,192.0,393.0
merged_Radhakrishnan_exp_PST_104E_count_0.tsv,17_0515,6315.0,3167.5,1847.001,476.0,613.0
merged_Radhakrishnan_exp_PST_104E_count_0.tsv,17_0518,6344.0,2240.0,1970.749,457.0,610.0
merged_Radhakrishnan_exp_PST_104E_count_0.tsv,17_0519,5127.5,2730.5,1269.99875,357.0,561.0
merged_Radhakrishnan_exp_PST_104E_count_0.tsv,17_0520,7317.0,3172.0,1991.6480000000001,386.5,748.588
merged_Radhakrishnan_exp_PST_104E_count_0.tsv,17_0521,11201.5,4801.5,3115.745,683.837,888.881
merged_Radhakrishnan_exp_PST_104E_count_0.tsv,17_0523,8810.5,3897.5,2062.0,429.5,520.0
merged_Radhakrishnan_exp_PST_104E_count_0.tsv,17_0525,3625.5,1663.5,1000.50075,223.5,326.0
merged_Radhakrishnan_exp_PST_104E_count_0.tsv,17_0528,1414.0,701.5,250.5,68.5,155.0
merged_Radhakrishnan_exp_PST_104E_count_0.tsv,17_0532,2800.5,3156.5,808.24925,176.5,443.0
merged_Radhakrishnan_exp_PST_104E_count_0.tsv,17_0548,3138.0,1500.5,750.0,128.0,242.0
merged_Radhakrishnan_exp_PST_104E_count_0.tsv,17_0549,3506.0,2024.0,992.75,223.5,431.0
merged_Radhakrishnan_exp_PST_104E_count_0.tsv,17_0553,8341.5,4101.0,2526.75,441.0,647.0
merged_Radhakrishnan_exp_PST_104E_count_0.tsv,17_0557,5077.0,2764.5,1624.251,350.0,664.0
merged_Radhakrishnan_exp_PST_104E_count_0.tsv,17_05585,9424.0,4099.0,2564.1904999999997,725.5,369.0
merged_Radhakrishnan_exp_PST_104E_count_0.tsv,17_0559,5967.0,2421.5,1618.751,362.5,209.0
merged_Radhakrishnan_exp_PST_104E_count_0.tsv,17_0562,9648.5,3650.5,2692.0,538.849,660.648
merged_Radhakrishnan_exp_PST_104E_count_0.tsv,17_0563,3800.5,1491.0,790.9992500000001,271.5,234.0
merged_Radhakrishnan_exp_PST_104E_count_0.tsv,17_0564,6818.0,3313.5,2062.247,421.5,501.611
merged_Radhakrishnan_exp_PST_104E_count_0.tsv,17_0565,11597.0,5170.5,2805.75,614.0,423.0
merged_Radhakrishnan_exp_PST_104E_count_0.tsv,17_0567,6169.5,3219.5,1930.3649999999998,424.5,453.0
merged_Radhakrishnan_exp_PST_104E_count_0.tsv,17_0569,7124.0,3446.5,2049.75,402.0,668.554
merged_Radhakrishnan_exp_PST_104E_count_0.tsv,17_0570,4756.0,2779.0,1264.2917499999999,266.5,379.0
merged_Radhakrishnan_exp_PST_104E_count_0.tsv,17_0571,5479.0,2529.5,1430.75,317.5,451.0
merged_Radhakrishnan_exp_PST_104E_count_0.tsv,17_0593,8077.0,3190.5,2392.25,642.5,745.0
merged_Radhakrishnan_exp_PST_104E_count_0.tsv,17_0595,7172.5,2232.5,2136.5005,702.0,669.0
merged_Radhakrishnan_exp_PST_104E_count_0.tsv,17_0600,6380.0,2671.5,1789.08375,409.5,527.0
merged_Radhakrishnan_exp_PST_104E_count_0.tsv,17_0602,6184.0,2511.5,1801.5,540.0,526.0
merged_Radhakrishnan_exp_PST_104E_count_0.tsv,17_0611,5521.5,2334.0,1392.75025,226.0,409.0
merged_Radhakrishnan_exp_PST_104E_count_0.tsv,17_0612,6285.5,2105.0,1338.50075,213.548,193.0
merged_Radhakrishnan_exp_PST_104E_count_0.tsv,17_0613,6800.0,2089.5,1541.0005,363.0,184.0
merged_Radhakrishnan_exp_PST_104E_count_0.tsv,17_0614,9081.5,3083.0,2223.0,678.0,419.0
merged_Radhakrishnan_exp_PST_104E_count_0.tsv,17_0615,8259.0,3696.5,2221.044,575.5,564.0
merged_Radhakrishnan_exp_PST_104E_count_0.tsv,16_0551,6096.5,1481.5,1182.0,209.0,151.0
merged_Radhakrishnan_exp_PST_104E_count_0.tsv,16_0554,4590.0,1187.5,543.499,110.5,65.0
merged_Radhakrishnan_exp_PST_104E_count_0.tsv,16_0555,3877.0,1392.0,670.25,87.5,98.0
merged_Radhakrishnan_exp_PST_104E_count_0.tsv,16_0772,2985.0,1315.5,952.25075,101.0,453.0
merged_Radhakrishnan_exp_PST_104E_count_0.tsv,16_0782,2697.0,1310.5,807.25125,87.5,150.0
merged_Radhakrishnan_exp_PST_104E_count_0.tsv,16_0787,7519.0,3861.5,2820.75,361.0,418.0
merged_Radhakrishnan_exp_PST_104E_count_0.tsv,16_0788,7431.0,2787.0,2240.3370000000004,325.5,165.0
merged_Radhakrishnan_exp_PST_104E_count_0.tsv,16_0790,5585.5,2208.5,2307.5005,321.0,165.0
merged_Radhakrishnan_exp_PST_104E_count_0.tsv,16_0791,7775.5,2910.5,2877.0,361.5,164.0
merged_Radhakrishnan_exp_PST_104E_count_0.tsv,16_0793,5058.0,2313.5,1465.3407499999998,194.5,112.0
merged_Radhakrishnan_exp_PST_104E_count_0.tsv,16_0797,2916.0,1323.0,898.50025,104.5,125.0
merged_Radhakrishnan_exp_PST_104E_count_0.tsv,16_0798,9042.5,3662.0,2654.0,311.5,466.0
merged_Radhakrishnan_exp_PST_104E_count_0.tsv,16_0799,5761.0,2876.0,1440.2505,156.0,266.0
merged_Radhakrishnan_exp_PST_104E_count_0.tsv,16_0800,4890.5,1700.5,1844.74975,204.5,139.0
merged_Radhakrishnan_exp_PST_104E_count_0.tsv,16_0801,8289.5,3737.5,2895.75,248.5,311.0
merged_Radhakrishnan_exp_PST_104E_count_0.tsv,16_0802,6301.0,2639.5,1964.74975,216.0,134.0
merged_Radhakrishnan_exp_PST_104E_count_0.tsv,16_0803,4074.5,1713.5,1250.0005,142.0,175.0
merged_Radhakrishnan_exp_PST_104E_count_0.tsv,17_0006,3887.5,1417.0,1062.0,159.0,216.0
merged_Radhakrishnan_exp_PST_104E_count_0.tsv,17_0007,7373.0,2519.5,1933.25,354.5,143.0
merged_Radhakrishnan_exp_PST_104E_count_0.tsv,17_0008,5127.5,1993.0,1564.522,228.5,315.0
merged_Radhakrishnan_exp_PST_104E_count_0.tsv,17_0009,7871.0,2577.0,2406.75,442.0,320.0
merged_Radhakrishnan_exp_PST_104E_count_0.tsv,17_0021,6241.0,2015.0,1792.0,259.0,401.0
merged_Radhakrishnan_exp_PST_104E_count_0.tsv,17_0022,5660.5,1671.5,1941.0,330.5,338.0
merged_Radhakrishnan_exp_PST_104E_count_0.tsv,17_0023,5406.0,1766.5,1642.25,233.5,323.0
merged_Radhakrishnan_exp_PST_104E_count_0.tsv,17_0028,4851.5,1798.0,1397.0,216.5,152.0
merged_Radhakrishnan_exp_PST_104E_count_0.tsv,17_0029,5560.0,2020.5,1528.016,259.5,111.0
merged_Radhakrishnan_exp_PST_104E_count_0.tsv,17_0030,8126.0,4400.5,2450.5,287.5,262.0
merged_Radhakrishnan_exp_PST_104E_count_0.tsv,17_0031,9018.5,4483.0,2672.6035,323.5,328.0
merged_Radhakrishnan_exp_PST_104E_count_0.tsv,17_0057,5267.5,1905.5,1530.75,273.0,320.44
merged_Radhakrishnan_exp_PST_104E_count_0.tsv,17_0058,4604.5,1525.0,1249.0,226.5,282.0
merged_Radhakrishnan_exp_PST_104E_count_0.tsv,17_0089,7573.5,3416.5,1883.25,298.5,503.0
merged_Radhakrishnan_exp_PST_104E_count_0.tsv,17_0090,11566.0,4524.5,3054.2484999999997,525.0,959.0
merged_Radhakrishnan_exp_PST_104E_count_0.tsv,17_0504,2369.0,966.0,606.99975,144.5,165.927
merged_Radhakrishnan_exp_PST_104E_count_0.tsv,17_0505,0.0,0.0,0.0,0.0,0.0
merged_Radhakrishnan_exp_PST_104E_count_0.tsv,17_0507,5300.0,1829.0,1568.2495000000001,368.0,292.0
merged_Radhakrishnan_exp_PST_104E_count_0.tsv,15_0305.1,2180.0,1165.5,470.24875,98.1598,73.0
merged_Radhakrishnan_exp_PST_104E_count_0.tsv,15_0306.1,1807.0,826.5,435.75,84.5,92.0
merged_Cantu_exp_PST_104E_count_0.tsv,SRR621436,1653.0,40.5,488.4995,638.0,5697.44
merged_Cantu_exp_PST_104E_count_0.tsv,SRR621435,6174.0,482.0,2151.8915,1317.5,25855.9
merged_Cantu_exp_PST_104E_count_0.tsv,SRR619850,7333.0,2240.0,2874.5,542.183,299.674
merged_Schwessinger_exp_PST_104E_count_0.tsv,SRR6043979,18763.0,5683.5,2284.75,328.5,2.0
merged_Schwessinger_exp_PST_104E_count_0.tsv,SRR6043978,18307.0,6441.0,2433.75,285.5,0.5
merged_Schwessinger_exp_PST_104E_count_0.tsv,SRR6043977,1936.0,261.0,502.9995,411.0,4773.24
merged_Schwessinger_exp_PST_104E_count_0.tsv,SRR6043976,2167.5,371.5,577.6311,545.0,5130.32
merged_Schwessinger_exp_PST_104E_count_0.tsv,SRR6043975,15036.0,8842.5,3567.5,1544.5,10.0
merged_Schwessinger_exp_PST_104E_count_0.tsv,SRR6043974,6097.5,531.0,1658.6435000000001,1168.5,12891.2
merged_Schwessinger_exp_PST_104E_count_0.tsv,SRR6043973,16411.5,10006.5,3742.2434999999996,1533.5,6.0
merged_Schwessinger_exp_PST_104E_count_0.tsv,SRR6043972,12847.0,8825.0,3366.5609999999997,1305.5,8.25
merged_Schwessinger_exp_PST_104E_count_0.tsv,SRR6043971,15862.0,5586.0,2147.0,347.5,0.5
merged_Schwessinger_exp_PST_104E_count_0.tsv,SRR6043970,2681.0,1093.5,619.5,214.0,127.368
merged_Schwessinger_exp_PST_104E_count_0.tsv,SRR6043969,15571.5,12189.5,5476.297500000001,1535.5,656.183
merged_Schwessinger_exp_PST_104E_count_0.tsv,SRR6043968,5726.5,2872.5,1224.25,201.0,99.4737
merged_Schwessinger_exp_PST_104E_count_0.tsv,SRR6043967,2601.5,993.0,571.5,204.0,119.71
merged_Schwessinger_exp_PST_104E_count_0.tsv,SRR6043966,8965.5,2773.0,2535.7834999999995,665.5,346.781
merged_Schwessinger_exp_PST_104E_count_0.tsv,SRR6043965,30753.5,21051.5,12063.73,3000.05,870.479
merged_Adams_exp_PST_104E_count_0.tsv,16_0087,3755.5,1928.0,641.4995,113.0,461.0
merged_Adams_exp_PST_104E_count_0.tsv,16_0088,7988.0,4578.5,1936.5,267.0,279.0
merged_Adams_exp_PST_104E_count_0.tsv,16_0089,3661.0,1619.0,875.9987500000001,108.0,295.0
merged_Adams_exp_PST_104E_count_0.tsv,16_0090,11212.0,5401.0,2863.75,462.5,557.0
merged_Adams_exp_PST_104E_count_0.tsv,16_0148,9141.5,4299.5,2864.0005,474.0,855.0
merged_Adams_exp_PST_104E_count_0.tsv,16_0149,8682.5,4387.5,2493.5,546.0,110.0
merged_Adams_exp_PST_104E_count_0.tsv,16_0150,6564.5,4367.0,1733.7495000000001,282.5,122.396
merged_Adams_exp_PST_104E_count_0.tsv,16_0151,8953.0,4397.0,1935.1585,286.0,447.0
merged_Adams_exp_PST_104E_count_0.tsv,16_0152,5646.5,2290.5,1123.2495000000001,248.0,385.0
merged_Adams_exp_PST_104E_count_0.tsv,16_0153,10607.0,5355.0,2522.75125,394.0,63.0
merged_Adams_exp_PST_104E_count_0.tsv,16_0154,8497.5,5225.0,1615.2495,312.0,99.0
merged_Adams_exp_PST_104E_count_0.tsv,16_0155,9767.5,4622.0,2400.75,509.5,115.0
merged_Adams_exp_PST_104E_count_0.tsv,16_0156,12780.0,7884.5,2712.9194999999995,358.5,87.0
merged_Adams_exp_PST_104E_count_0.tsv,16_0157,4671.0,2661.0,1025.49875,187.5,986.0
merged_Adams_exp_PST_104E_count_0.tsv,16_0158,4002.5,2756.5,523.5236,126.5,151.0
merged_Adams_exp_PST_104E_count_0.tsv,16_0159,6796.0,2882.0,1144.25075,183.5,23.0
merged_Adams_exp_PST_104E_count_0.tsv,16_0160,10455.5,5089.0,2964.1454999999996,602.5,816.0
merged_Adams_exp_PST_104E_count_0.tsv,16_0340,733.5,153.5,53.25005,17.5,1.0
merged_Adams_exp_PST_104E_count_0.tsv,16_0588,131.5,2.5,2.7499892775,1.0,0.0
merged_Adams_exp_PST_104E_count_0.tsv,16_0589,5713.5,3910.0,1264.001,142.5,462.0
merged_Adams_exp_PST_104E_count_0.tsv,16_0595,5331.0,2727.0,1237.586,144.0,68.0
merged_Adams_exp_PST_104E_count_0.tsv,16_0596,2053.0,1918.5,382.2505,54.5,256.0
merged_Adams_exp_PST_104E_count_0.tsv,16_0613,7971.0,4739.0,1337.4992499999998,360.0,72.0
merged_Adams_exp_PST_104E_count_0.tsv,16_0614,8925.0,4188.5,1866.5,274.5,28.0
merged_Adams_exp_PST_104E_count_0.tsv,16_0615,2088.0,1178.0,439.25,72.5,3.0
merged_Adams_exp_PST_104E_count_0.tsv,16_0616,1714.0,1152.0,349.5,62.5,8.0
merged_Adams_exp_PST_104E_count_0.tsv,16_0617,4605.0,3155.0,1050.751,200.5,44.0
merged_Adams_exp_PST_104E_count_0.tsv,16_0618,1323.5,498.0,208.2499,35.5,4.0
merged_Adams_exp_PST_104E_count_0.tsv,16_0619,4892.5,3688.0,1031.0005,199.0,54.0
merged_Adams_exp_PST_104E_count_0.tsv,16_0620,19.5,6.5,4.4999925,2.0,0.5
merged_Adams_exp_PST_104E_count_0.tsv,16_0624,124.0,16.5,4.380833,0.0,1.0
merged_Adams_exp_PST_104E_count_0.tsv,16_0628,79.0,13.5,9.500007499999999,1.5,0.5
merged_Adams_exp_PST_104E_count_0.tsv,16_0636,19.0,13.5,4.2499875,0.0,0.0
merged_Adams_exp_PST_104E_count_0.tsv,16_0678,19.5,11.0,5.1274925,2.0,0.0
merged_Adams_exp_PST_104E_count_0.tsv,17_0210,7915.5,4337.0,2105.4995,344.5,97.0
merged_Adams_exp_PST_104E_count_0.tsv,17_0212,3057.5,1182.5,673.4994999999999,163.0,25.0
merged_Adams_exp_PST_104E_count_0.tsv,17_0215,3916.5,1533.0,728.251,96.5,11.0
merged_Adams_exp_PST_104E_count_0.tsv,17_0216,5724.5,2086.5,1110.50025,193.5,1.5
merged_Adams_exp_PST_104E_count_0.tsv,17_0222,1203.5,410.0,227.75,57.5,2.0
merged_Adams_exp_PST_104E_count_0.tsv,17_0224,2248.0,1314.0,500.9995,109.0,33.0
merged_Adams_exp_PST_104E_count_0.tsv,16_0594,6891.5,3582.5,1480.50025,317.5,460.0
merged_Adams_exp_PST_104E_count_0.tsv,16_0630,2820.5,1198.0,517.751,103.0,19.0
merged_Adams_exp_PST_104E_count_0.tsv,16_0633,749.5,362.5,116.250025,14.0,68.0
merged_Adams_exp_PST_104E_count_0.tsv,16_0669,415.0,173.5,74.00002500000001,22.5,14.0
merged_Adams_exp_PST_104E_count_0.tsv,14_0003,6332.5,1764.0,1465.59575,281.5,1084.0
merged_Adams_exp_PST_104E_count_0.tsv,14_0038,1708.0,388.0,177.49995,29.5,71.0
merged_Adams_exp_PST_104E_count_0.tsv,14_0045,4083.5,1343.0,846.9995,171.0,229.0
merged_Adams_exp_PST_104E_count_0.tsv,14_0048,3789.5,1212.0,906.24975,188.5,451.0
merged_Adams_exp_PST_104E_count_0.tsv,14_0049,368.5,140.0,90.5001,24.0,23.0
merged_Adams_exp_PST_104E_count_0.tsv,14_0073,667.0,20.5,360.40341,2.5,0.0
merged_Adams_exp_PST_104E_count_0.tsv,14_0074,5576.5,120.0,420.41470000000004,0.0,1.5
merged_Adams_exp_PST_104E_count_0.tsv,14_0075,1075.0,29.0,75.34006,1.5,6.0
merged_Adams_exp_PST_104E_count_0.tsv,14_0082,635.5,226.5,80.5,13.0,15.0
merged_Adams_exp_PST_104E_count_0.tsv,15_0007,17104.5,4916.0,4731.3910000000005,774.5,653.0
merged_Adams_exp_PST_104E_count_0.tsv,15_0008,8926.5,3323.5,2198.8630000000003,382.5,945.0
merged_Adams_exp_PST_104E_count_0.tsv,15_0105,4895.5,1518.0,1404.86775,287.5,561.0
merged_Adams_exp_PST_104E_count_0.tsv,15_0106,2453.0,1031.5,585.74875,107.0,239.0
merged_Adams_exp_PST_104E_count_0.tsv,15_0107,8503.0,3342.5,2053.351,340.0,509.262
merged_Adams_exp_PST_104E_count_0.tsv,15_0111,7344.5,3178.0,1507.7502499999998,207.0,452.0
merged_Adams_exp_PST_104E_count_0.tsv,15_0112,14356.0,5660.0,2933.75,495.0,907.803
merged_Adams_exp_PST_104E_count_0.tsv,15_0114,6024.5,2963.0,1515.5005,209.0,389.0
merged_Adams_exp_PST_104E_count_0.tsv,15_0115,7157.5,3106.0,1542.5,279.0,526.0
merged_Adams_exp_PST_104E_count_0.tsv,15_0116,10669.5,4124.0,2559.7504999999996,594.0,1465.22
merged_Adams_exp_PST_104E_count_0.tsv,15_0118,3717.5,1717.5,846.5502499999999,137.0,444.0
merged_Adams_exp_PST_104E_count_0.tsv,15_0121,10000.5,4917.5,2728.5175,438.5,1679.32
merged_Adams_exp_PST_104E_count_0.tsv,15_0122,10195.5,4981.5,2719.74625,439.5,1295.0
merged_Adams_exp_PST_104E_count_0.tsv,15_0125,7277.5,4115.5,2122.749,265.5,1208.0
merged_Adams_exp_PST_104E_count_0.tsv,15_0126,994.5,446.0,109.25004999999999,29.5,164.0
merged_Adams_exp_PST_104E_count_0.tsv,15_0127,524.0,185.0,61.249925,11.0,2.0
merged_Adams_exp_PST_104E_count_0.tsv,15_0129,1609.5,884.0,245.38034999999996,44.5,137.0
merged_Adams_exp_PST_104E_count_0.tsv,15_0132,9747.5,4350.0,2097.25075,392.5,298.36
merged_Adams_exp_PST_104E_count_0.tsv,15_0136,9789.0,4192.0,2231.5,260.0,133.0
merged_Adams_exp_PST_104E_count_0.tsv,15_0137,1342.5,695.5,188.999975,46.5,179.0
merged_Adams_exp_PST_104E_count_0.tsv,15_0138,588.0,393.0,114.0001,23.5,30.0
merged_Adams_exp_PST_104E_count_0.tsv,15_0143,12315.5,4374.0,2768.75,488.5,583.0
merged_Adams_exp_PST_104E_count_0.tsv,15_0144,7942.0,3442.5,1680.2495,249.0,734.0
merged_Adams_exp_PST_104E_count_0.tsv,15_0145,1805.0,809.5,286.25005,45.0,128.0
merged_Adams_exp_PST_104E_count_0.tsv,15_0146,4485.5,1994.5,712.4992500000001,135.0,137.0
merged_Adams_exp_PST_104E_count_0.tsv,15_0148,9938.0,3687.0,2610.2380000000003,379.5,573.0
merged_Adams_exp_PST_104E_count_0.tsv,15_0149,12218.0,5537.0,2749.0012500000003,323.0,1046.0
merged_Adams_exp_PST_104E_count_0.tsv,15_0150,7078.0,2747.0,1863.50075,267.5,832.0
merged_Adams_exp_PST_104E_count_0.tsv,15_0152,8200.0,3654.5,2143.75,318.5,304.0
merged_Adams_exp_PST_104E_count_0.tsv,15_0153,3388.0,866.0,715.7505000000001,119.0,238.0
merged_Adams_exp_PST_104E_count_0.tsv,15_0154,4216.0,602.0,526.499,112.5,70.0
merged_Adams_exp_PST_104E_count_0.tsv,15_0171,11257.0,5080.5,2530.4539999999997,461.258,1199.08
merged_Adams_exp_PST_104E_count_0.tsv,15_0203,4482.5,1129.5,1139.25075,248.0,469.0
merged_Adams_exp_PST_104E_count_0.tsv,15_0204,7105.5,2941.0,1988.5,305.5,849.0
merged_Adams_exp_PST_104E_count_0.tsv,15_0205,2889.5,1085.5,580.75025,61.5,216.0
merged_Adams_exp_PST_104E_count_0.tsv,15_0206,6146.5,3406.5,1645.2332500000002,291.0,602.0
merged_Adams_exp_PST_104E_count_0.tsv,15_0207,6206.5,4015.0,1857.0235,358.0,902.0
merged_Adams_exp_PST_104E_count_0.tsv,15_0219,7463.0,3780.5,1943.9607499999997,267.5,468.0
merged_Adams_exp_PST_104E_count_0.tsv,15_0220,6815.0,3083.0,1498.50075,239.0,471.0
merged_Adams_exp_PST_104E_count_0.tsv,15_0221,7963.0,4238.0,1880.4247500000001,353.5,715.0
merged_Adams_exp_PST_104E_count_0.tsv,15_0222,7076.0,3426.0,1299.49925,249.0,283.0
merged_Adams_exp_PST_104E_count_0.tsv,15_0224,5799.0,3431.5,1254.7495,348.0,880.0
merged_Adams_exp_PST_104E_count_0.tsv,15_0225,5817.5,2727.0,1455.6400000000003,251.5,1705.0
merged_Adams_exp_PST_104E_count_0.tsv,15_0226,3829.5,1496.0,1033.49875,68.5,400.0
merged_Adams_exp_PST_104E_count_0.tsv,15_0234,2954.0,1703.0,587.24925,118.0,293.0
merged_Adams_exp_PST_104E_count_0.tsv,15_0235,1913.0,1036.5,362.00075,56.0,178.0
merged_Adams_exp_PST_104E_count_0.tsv,15_0236,4717.5,1044.5,730.0002499999999,223.0,195.0
merged_Adams_exp_PST_104E_count_0.tsv,15_0237,2192.5,608.0,389.74975,60.0,63.0
merged_Adams_exp_PST_104E_count_0.tsv,15_0239,8795.0,4110.0,2037.99975,346.5,418.0
merged_Adams_exp_PST_104E_count_0.tsv,15_0248,7154.5,3308.5,2134.0,473.5,1082.0
merged_Adams_exp_PST_104E_count_0.tsv,15_0249,7004.5,2966.0,1662.501,314.0,898.0
merged_Adams_exp_PST_104E_count_0.tsv,15_0250,2584.0,1145.5,475.49875,69.5,236.0
merged_Adams_exp_PST_104E_count_0.tsv,15_0251,9178.5,3930.0,2458.0,497.0,875.0
merged_Adams_exp_PST_104E_count_0.tsv,15_0252,4421.5,1645.0,710.5007499999999,121.0,799.0
merged_Adams_exp_PST_104E_count_0.tsv,15_0253,4199.0,1647.5,763.5002499999999,132.0,279.0
merged_Adams_exp_PST_104E_count_0.tsv,15_0254,9997.5,4365.0,1913.00125,297.5,380.857
merged_Adams_exp_PST_104E_count_0.tsv,15_0255,9567.0,4194.5,2436.25,476.5,567.0
merged_Adams_exp_PST_104E_count_0.tsv,15_0256,6275.5,2971.5,1343.75025,249.0,688.0
merged_Adams_exp_PST_104E_count_0.tsv,15_0257,5779.0,3030.5,1156.5,166.5,354.0
merged_Adams_exp_PST_104E_count_0.tsv,15_0271,6535.5,2312.5,1275.9995,238.0,606.0
merged_Adams_exp_PST_104E_count_0.tsv,15_0410,5618.0,3929.5,1338.33125,275.5,511.0
merged_Adams_exp_PST_104E_count_0.tsv,15_0411,1064.5,336.0,200.250025,39.0,101.0
merged_Adams_exp_PST_104E_count_0.tsv,15_0419,2088.0,758.0,418.50025000000005,89.0,291.0
merged_Adams_exp_PST_104E_count_0.tsv,16_0111,4875.0,3376.0,837.75025,122.0,646.0
merged_Adams_exp_PST_104E_count_0.tsv,16_0113,10056.5,5194.0,1990.751,345.5,53.0
merged_Adams_exp_PST_104E_count_0.tsv,16_0114,11537.0,4900.0,2349.0,330.0,536.0
merged_Adams_exp_PST_104E_count_0.tsv,16_0115,10149.0,4059.0,2755.75,530.5,1631.0
merged_Adams_exp_PST_104E_count_0.tsv,16_0116,8907.0,3569.0,1679.24975,200.5,102.0
merged_Adams_exp_PST_104E_count_0.tsv,16_0118,17880.0,8131.5,4324.2525000000005,703.5,2291.0
merged_Adams_exp_PST_104E_count_0.tsv,16_0119,9290.0,3684.5,2624.879,574.5,191.0
merged_Adams_exp_PST_104E_count_0.tsv,16_0123,9003.5,3803.5,2256.4570000000003,494.0,2020.99
merged_Adams_exp_PST_104E_count_0.tsv,16_0124,2430.0,1134.5,221.77462500000001,35.5,165.0
merged_Adams_exp_PST_104E_count_0.tsv,16_0125,3069.5,1813.0,869.2497500000001,146.5,332.0
merged_Adams_exp_PST_104E_count_0.tsv,16_0126,925.0,388.5,144.499875,18.5,67.0
merged_Adams_exp_PST_104E_count_0.tsv,16_0127,13562.0,8272.5,3809.2425000000003,594.5,845.0
merged_Adams_exp_PST_104E_count_0.tsv,16_0128,342.5,272.5,45.25005,19.5,1.5
merged_Adams_exp_PST_104E_count_0.tsv,16_0129,8434.5,3575.0,2077.5,328.0,1046.05
merged_Adams_exp_PST_104E_count_0.tsv,16_0130,3414.0,1451.0,355.99992499999996,77.0,26.0
merged_Adams_exp_PST_104E_count_0.tsv,16_0131,6626.0,3318.5,1615.749,275.0,945.009
merged_Adams_exp_PST_104E_count_0.tsv,16_0133,7183.5,3012.5,1690.0002499999998,251.5,655.0
merged_Adams_exp_PST_104E_count_0.tsv,16_0134,361.5,86.5,20.25,7.5,1.5
merged_Adams_exp_PST_104E_count_0.tsv,16_0135,7283.0,3307.0,1716.0,282.0,551.951
merged_Adams_exp_PST_104E_count_0.tsv,16_0136,15287.0,7459.0,3428.0,557.0,1425.03
merged_Adams_exp_PST_104E_count_0.tsv,16_0137,423.5,290.0,25.0000025,9.5,10.0
merged_Adams_exp_PST_104E_count_0.tsv,16_0138,9967.0,4485.0,2507.6935000000003,436.0,1032.0
merged_Adams_exp_PST_104E_count_0.tsv,16_0139,9168.5,4549.5,2467.5635,538.0,423.0
merged_Adams_exp_PST_104E_count_0.tsv,16_0140,4633.0,1575.0,1315.5,144.0,597.0
merged_Adams_exp_PST_104E_count_0.tsv,16_0141,3432.5,1414.0,828.5,138.0,156.0
merged_Adams_exp_PST_104E_count_0.tsv,16_0161,10124.0,5057.0,1736.49925,339.5,42.0
merged_Adams_exp_PST_104E_count_0.tsv,16_0590,6042.0,1499.5,1126.17425,301.0,520.0
merged_Adams_exp_PST_104E_count_0.tsv,16_0591,6883.5,3705.0,1268.74975,181.0,652.0
merged_Adams_exp_PST_104E_count_0.tsv,16_0592,9367.0,3068.5,1781.7512499999998,350.5,1067.88
merged_Adams_exp_PST_104E_count_0.tsv,16_0593,5839.0,1888.5,1103.9992499999998,192.5,549.0
merged_Adams_exp_PST_104E_count_0.tsv,16_0597,7342.5,3234.5,1840.5,414.5,1634.0
merged_Adams_exp_PST_104E_count_0.tsv,16_0598,3533.0,1660.5,710.9997500000001,170.0,536.0
merged_Adams_exp_PST_104E_count_0.tsv,16_0599,4303.5,2062.0,749.25075,96.5,220.0
merged_Adams_exp_PST_104E_count_0.tsv,16_0601,3587.0,2206.0,649.9995,114.0,343.997
merged_Adams_exp_PST_104E_count_0.tsv,16_0602,9211.0,2869.5,1926.315,501.5,718.0
merged_Adams_exp_PST_104E_count_0.tsv,16_0626,2499.5,806.0,426.49975,84.5,169.0
merged_Adams_exp_PST_104E_count_0.tsv,16_0627,11023.5,4105.5,2064.50025,469.0,995.0
merged_Adams_exp_PST_104E_count_0.tsv,16_0660,2969.0,1355.0,578.249,87.5,312.0
merged_Adams_exp_PST_104E_count_0.tsv,16_0662,871.0,331.5,186.2501,38.0,14.0
merged_Adams_exp_PST_104E_count_0.tsv,16_0665,2226.0,702.0,568.75025,81.0,241.0
merged_Adams_exp_PST_104E_count_0.tsv,16_0675,5239.5,3775.0,789.9994999999999,157.5,231.0
merged_Adams_exp_PST_104E_count_0.tsv,16_0676,309.0,107.5,43.5,15.0,0.0
merged_Adams_exp_PST_104E_count_0.tsv,16_0677,521.5,296.5,87.50007500000001,21.5,63.0
merged_Adams_exp_PST_104E_count_0.tsv,17_0001,112.0,3.5,1.75,0.0,0.0
merged_Adams_exp_PST_104E_count_0.tsv,17_0005,135.5,2.0,3.75,0.5,0.5
merged_Adams_exp_PST_104E_count_0.tsv,17_0218,2687.0,1206.5,451.251,65.0,212.0
merged_Adams_exp_PST_104E_count_0.tsv,17_0220,3953.5,1517.0,731.99975,180.5,28.0
merged_Adams_exp_PST_104E_count_0.tsv,17_0226,2943.5,678.5,517.9992500000001,161.0,366.0
merged_Adams_exp_PST_104E_count_0.tsv,17_0228,2875.5,573.5,466.99949999999995,134.0,239.0
merged_Adams_exp_PST_104E_count_0.tsv,17_0230,3768.0,1441.5,761.749,212.0,493.0
merged_Adams_exp_PST_104E_count_0.tsv,17_0232,4859.0,1294.0,959.49875,119.0,563.0
merged_Adams_exp_PST_104E_count_0.tsv,17_0233,5051.0,1430.5,805.24925,93.0,334.0
merged_Adams_exp_PST_104E_count_0.tsv,17_0235,8026.0,2931.5,1695.5007500000002,395.5,633.893
merged_Adams_exp_PST_104E_count_0.tsv,17_0238,2197.5,1483.0,443.75,69.5,241.0
merged_Adams_exp_PST_104E_count_0.tsv,17_0239,2003.5,702.5,460.24925,81.5,151.0
merged_Adams_exp_PST_104E_count_0.tsv,17_0240,4748.0,2092.0,865.37525,146.0,390.0
merged_Adams_exp_PST_104E_count_0.tsv,17_0241,1992.5,817.5,392.501,79.0,242.0
merged_Adams_exp_PST_104E_count_0.tsv,17_0002,154.5,8.0,4.25,0.5,0.5
merged_Adams_exp_PST_104E_count_0.tsv,17_0003,187.5,35.0,26.294755000000002,3.5,1.0
merged_Adams_exp_PST_104E_count_0.tsv,17_0065,6823.5,3345.5,2224.0,303.0,81.0
merged_Adams_exp_PST_104E_count_0.tsv,17_0067,7217.5,2577.5,2091.5005,324.0,91.0
merged_Adams_exp_PST_104E_count_0.tsv,17_0072,4930.0,1636.0,1094.75,302.0,577.0
merged_Adams_exp_PST_104E_count_0.tsv,17_0074,6446.0,1985.5,1867.75,419.5,1115.0
merged_Adams_exp_PST_104E_count_0.tsv,17_0076,8847.5,4181.0,2405.75,490.5,1128.0
merged_Adams_exp_PST_104E_count_0.tsv,17_0078,8758.5,3869.5,2565.518,532.813,759.0
merged_Adams_exp_PST_104E_count_0.tsv,17_0081,7531.5,2349.0,2049.0,338.5,777.0
merged_Adams_exp_PST_104E_count_0.tsv,17_0082,5283.5,2046.5,1375.75125,162.5,53.0
merged_Adams_exp_PST_104E_count_0.tsv,17_0084,9169.0,4179.5,2408.25,368.5,674.593
merged_Adams_exp_PST_104E_count_0.tsv,17_0086,9224.0,4113.5,2195.25025,438.489,81.0
merged_Adams_exp_PST_104E_count_0.tsv,17_0104,5047.5,1739.5,1335.7504999999999,275.0,72.0
merged_Adams_exp_PST_104E_count_0.tsv,17_0118,6866.5,3103.0,2071.43725,413.5,123.0
merged_Adams_exp_PST_104E_count_0.tsv,15_0612,2641.0,1078.5,322.00050000000005,124.0,66.0
merged_Adams_exp_PST_104E_count_0.tsv,15_0613,4147.5,2154.0,995.0264999999999,190.0,664.0
merged_Adams_exp_PST_104E_count_0.tsv,15_0624,777.0,386.5,102.75005,30.5,22.0
merged_Adams_exp_PST_104E_count_0.tsv,15_0625,3661.5,1903.5,581.9995,159.0,125.0
merged_Adams_exp_PST_104E_count_0.tsv,15_0627,524.5,180.0,67.51287500000001,33.5,4.5
merged_Adams_exp_PST_104E_count_0.tsv,16_0740,12552.5,4549.5,2535.5,584.0,841.0
merged_Adams_exp_PST_104E_count_0.tsv,16_0741,3487.5,1689.0,653.249,132.5,158.0
merged_Adams_exp_PST_104E_count_0.tsv,16_0742,8774.0,3994.0,1564.75,354.0,23.0
merged_Adams_exp_PST_104E_count_0.tsv,16_0778,4452.0,1756.5,1070.0,287.0,392.0
merged_Adams_exp_PST_104E_count_0.tsv,18_0004,8565.5,2683.0,2364.5095,584.5,722.0
merged_Adams_exp_PST_104E_count_0.tsv,18_0010,10934.0,4733.0,3487.995,547.5,286.0
merged_Adams_exp_PST_104E_count_0.tsv,16_0777,5633.5,2275.5,1163.25,296.0,580.958
merged_Adams_exp_PST_104E_count_0.tsv,16_0781,2580.5,853.0,530.001,131.5,104.0
merged_Adams_exp_PST_104E_count_0.tsv,15_0176,5917.5,1916.5,1163.5,223.0,359.0
merged_Adams_exp_PST_104E_count_0.tsv,15_0177,3443.0,1023.5,644.0,117.0,140.0
merged_Adams_exp_PST_104E_count_0.tsv,15_0178,6209.0,1982.5,1478.1975000000002,333.0,853.0
merged_Adams_exp_PST_104E_count_0.tsv,15_0179,598.5,53.0,64.769965,3.0,0.0
merged_Adams_exp_PST_104E_count_0.tsv,15_0180,7389.0,3596.5,1381.5,156.5,452.0
merged_Adams_exp_PST_104E_count_0.tsv,15_0651,211.0,31.0,32.2499275,5.5,6.0
merged_Adams_exp_PST_104E_count_0.tsv,15_0652,139.0,23.0,21.005274999999997,5.5,5.0
merged_Adams_exp_PST_104E_count_0.tsv,15_0653,26.5,1.0,2.131209,0.0,0.0
merged_Adams_exp_PST_104E_count_0.tsv,16_0245,9740.0,4062.0,1661.0005,266.5,3.0
merged_Adams_exp_PST_104E_count_0.tsv,17_0096,1022.0,50.0,16.1264225,5.5,0.0
merged_Adams_exp_PST_104E_count_0.tsv,17_0097,902.0,101.5,50.89045,7.0,0.0
merged_Adams_exp_PST_104E_count_0.tsv,17_0120,2381.0,321.5,106.18450000000001,29.0,0.0
merged_Adams_exp_PST_104E_count_0.tsv,17_0121,1819.5,342.0,144.249975,39.5,0.5
merged_Adams_exp_PST_104E_count_0.tsv,17_0136,2642.0,598.0,244.8411,47.0,8.0
merged_Adams_exp_PST_104E_count_0.tsv,17_0137,1533.0,448.0,276.2501,70.0,9.0
merged_Adams_exp_PST_104E_count_0.tsv,17_0138,1009.0,108.0,48.50005,6.0,0.0
merged_Adams_exp_PST_104E_count_0.tsv,17_0140,3414.5,993.0,428.18219999999997,75.5,17.0
merged_Adams_exp_PST_104E_count_0.tsv,17_0142,1827.5,518.5,360.06955,108.5,33.0
merged_Adams_exp_PST_104E_count_0.tsv,17_0143,2272.5,662.0,419.353,95.0,27.0
merged_Adams_exp_PST_104E_count_0.tsv,17_0122,4641.5,947.0,701.74925,112.5,8.0
merged_Adams_exp_PST_104E_count_0.tsv,17_0123,2238.5,580.5,443.5005,81.0,16.0
merged_Adams_exp_PST_104E_count_0.tsv,17_0139,878.5,110.5,84.92474999999999,17.0,4.0
merged_Adams_exp_PST_104E_count_0.tsv,17_0141,831.0,79.5,49.411805,9.0,0.0
merged_Adams_exp_PST_104E_count_0.tsv,16_0747,4992.0,1943.0,1186.0,217.5,361.0
merged_Adams_exp_PST_104E_count_0.tsv,16_0749,7550.0,2676.0,2063.634,323.0,341.0
merged_Adams_exp_PST_104E_count_0.tsv,16_0750,3512.5,1459.0,628.25,105.5,190.29
merged_Adams_exp_PST_104E_count_0.tsv,16_0752,1424.5,622.5,256.5,45.5,112.432
merged_Adams_exp_PST_104E_count_0.tsv,16_0753,6468.5,2708.0,1324.75,228.5,322.04
merged_Adams_exp_PST_104E_count_0.tsv,16_0754,1633.0,625.0,299.5,64.5,102.769
merged_Adams_exp_PST_104E_count_0.tsv,16_0755,1892.0,834.0,405.25,53.5,151.556
merged_Adams_exp_PST_104E_count_0.tsv,16_0756,818.5,311.5,142.75,20.0,51.6667
merged_Adams_exp_PST_104E_count_0.tsv,16_0757,5679.5,2630.5,1167.5,215.0,369.631
merged_Adams_exp_PST_104E_count_0.tsv,16_0758,4965.0,2431.0,927.25,178.5,333.462
merged_Adams_exp_PST_104E_count_0.tsv,16_0760,9538.5,3323.5,1944.75,308.5,590.555
merged_Adams_exp_PST_104E_count_0.tsv,16_0762,9158.5,3715.0,2185.75,366.0,345.189
merged_Adams_exp_PST_104E_count_0.tsv,16_0763,5861.0,2245.0,1104.5,98.5,120.0
merged_Adams_exp_PST_104E_count_0.tsv,16_0767,5449.0,2214.0,1235.0,172.5,180.196
merged_Adams_exp_PST_104E_count_0.tsv,16_0768,8365.5,2242.0,1834.99975,346.0,593.0
merged_Adams_exp_PST_104E_count_0.tsv,16_0769,5866.0,1838.0,1370.0007500000002,301.5,627.829
merged_Adams_exp_PST_104E_count_0.tsv,16_0882,9977.0,3707.5,2811.8885,570.5,506.0
merged_Adams_exp_PST_104E_count_0.tsv,16_0884,6768.5,2060.0,1745.75,428.5,261.0
merged_Adams_exp_PST_104E_count_0.tsv,16_0885,8663.5,3065.5,2224.25,452.171,403.0
merged_Adams_exp_PST_104E_count_0.tsv,16_0886,7889.0,2811.0,1927.75,391.0,422.0
merged_Adams_exp_PST_104E_count_0.tsv,16_0889,9973.0,4002.5,2621.5145,498.0,571.0
merged_Adams_exp_PST_104E_count_0.tsv,16_0322,2062.0,151.5,70.499875,9.5,20.0
merged_Adams_exp_PST_104E_count_0.tsv,17_0264,4483.5,1269.5,796.5005,186.0,118.0
merged_Adams_exp_PST_104E_count_0.tsv,17_0265,6512.0,1445.5,1015.75025,619.5,360.0
merged_Adams_exp_PST_104E_count_0.tsv,17_0266,4287.5,1030.0,666.001,252.5,185.0
merged_Adams_exp_PST_104E_count_0.tsv,17_0267,2459.5,667.0,434.44755,148.5,15.0
merged_Adams_exp_PST_104E_count_0.tsv,17_0271,2203.0,472.0,295.25,135.0,104.0
merged_Adams_exp_PST_104E_count_0.tsv,17_0272,7943.0,2325.0,1301.50125,490.152,597.0
merged_Adams_exp_PST_104E_count_0.tsv,16_0334,6246.0,1965.0,1250.4995000000001,204.5,103.0
merged_Adams_exp_PST_104E_count_0.tsv,16_0382,602.0,291.5,66.0,12.5,0.0
merged_Adams_exp_PST_104E_count_0.tsv,17_0099,204.5,99.5,43.25005,12.0,1.5
merged_Adams_exp_PST_104E_count_0.tsv,17_0274,619.0,102.0,63.250075,20.5,1.0
merged_Adams_exp_PST_104E_count_0.tsv,16_0265,3389.0,1767.0,796.039,219.5,0.0
merged_Adams_exp_PST_104E_count_0.tsv,17_0092,4026.0,1191.0,929.3607499999998,162.0,51.0
merged_Adams_exp_PST_104E_count_0.tsv,17_0147,276.5,75.0,71.99992499999999,11.0,13.0
merged_Adams_exp_PST_104E_count_0.tsv,15_0009,6405.0,2232.5,1565.5,252.5,948.0
merged_Adams_exp_PST_104E_count_0.tsv,15_0011,3736.5,1406.5,717.25,141.0,394.0
merged_Adams_exp_PST_104E_count_0.tsv,15_0012,4659.0,1661.0,903.25,180.0,587.0
merged_Adams_exp_PST_104E_count_0.tsv,15_0013,9912.0,3961.5,1683.75,258.5,681.0
merged_Adams_exp_PST_104E_count_0.tsv,17_0575,5474.0,2357.0,1326.5,232.0,368.975
merged_Adams_exp_PST_104E_count_0.tsv,17_0580,3409.0,979.0,941.2507499999999,240.5,522.0
merged_Adams_exp_PST_104E_count_0.tsv,17_0584,4609.5,1436.5,1289.5982500000002,265.0,244.0
merged_Adams_exp_PST_104E_count_0.tsv,17_0585,6351.5,1947.0,2048.001,393.5,671.0
merged_Adams_exp_PST_104E_count_0.tsv,17_0586,6300.5,2243.0,1700.50125,300.0,321.467
merged_Adams_exp_PST_104E_count_0.tsv,17_0588,2163.0,299.0,220.03461500000003,0.5,0.0
merged_Adams_exp_PST_104E_count_0.tsv,17_0590,5638.0,2334.5,1752.24875,355.0,545.0
merged_Adams_exp_PST_104E_count_0.tsv,17_0591,6434.5,3007.0,1787.501,342.5,594.562
merged_Adams_exp_PST_104E_count_0.tsv,15_0070,4323.5,1122.0,917.082,177.0,352.0
merged_Adams_exp_PST_104E_count_0.tsv,15_0072,4412.5,1337.0,931.0,190.5,521.0
merged_Adams_exp_PST_104E_count_0.tsv,15_0073,4211.5,1775.0,876.001,128.0,405.0
merged_Adams_exp_PST_104E_count_0.tsv,15_0075,4596.5,1510.0,1044.499,188.5,248.0
merged_Adams_exp_PST_104E_count_0.tsv,17_0245,1812.5,883.0,519.0005,67.0,285.0
merged_Adams_exp_PST_104E_count_0.tsv,17_0255,2682.5,1074.5,624.7505,128.0,358.0
merged_Adams_exp_PST_104E_count_0.tsv,17_0256,700.5,165.0,145.749925,27.5,30.0
merged_Adams_exp_PST_104E_count_0.tsv,17_0257,1761.5,516.5,381.74235000000004,78.0,158.0
merged_Adams_exp_PST_104E_count_0.tsv,15_0192,9246.5,4002.5,2267.4995,550.5,549.0
merged_Adams_exp_PST_104E_count_0.tsv,14_0106,113.5,94.5,132.9985,127.5,58.0
merged_Adams_exp_PST_104E_count_0.tsv,17_0010,16132.0,5284.0,4186.7525000000005,710.5,905.718
merged_Adams_exp_PST_104E_count_0.tsv,17_0020,6085.5,1844.0,1659.9995000000001,331.5,69.0
merged_Adams_exp_PST_104E_count_0.tsv,Sol_27_6_18,5535.5,1940.0,1193.00125,230.0,0.5
merged_Adams_exp_PST_104E_count_0.tsv,14_0272,4371.5,2868.5,1348.25,130.5,384.0
merged_Adams_exp_PST_104E_count_0.tsv,14_0274,3777.5,1987.5,1213.5,192.5,351.378
merged_Adams_exp_PST_104E_count_0.tsv,14_0275,4991.0,2625.5,1430.0,229.5,326.0
merged_Adams_exp_PST_104E_count_0.tsv,14_0277,5699.0,2956.0,1736.5,259.5,487.0
merged_Adams_exp_PST_104E_count_0.tsv,17_0456,6400.0,2635.5,2081.251,374.5,800.0
merged_Adams_exp_PST_104E_count_0.tsv,17_0464,9797.0,2582.5,2013.8784999999998,697.0,424.0
merged_Adams_exp_PST_104E_count_0.tsv,17_0469,7250.0,3418.5,2142.25,374.0,791.0
merged_Adams_exp_PST_104E_count_0.tsv,17_0474,4228.5,1760.0,1022.25,177.5,385.0
merged_Adams_exp_PST_104E_count_0.tsv,17_0477,7211.5,2622.0,1816.194,324.5,441.0
merged_Adams_exp_PST_104E_count_0.tsv,17_0479,9319.0,3475.5,2506.4595,391.608,1393.0
merged_Adams_exp_PST_104E_count_0.tsv,17_0480,2983.0,1162.5,640.75,94.5,327.0
merged_Adams_exp_PST_104E_count_0.tsv,17_0481,7279.5,2693.0,1873.75,342.0,380.0
merged_Adams_exp_PST_104E_count_0.tsv,17_0482,5463.5,2018.5,1486.75,254.5,358.0
merged_Adams_exp_PST_104E_count_0.tsv,17_0484,7825.5,2520.5,1821.25,241.5,542.0
merged_Adams_exp_PST_104E_count_0.tsv,15_0022,11667.0,4873.0,3306.4355000000005,627.0,1120.27
merged_Adams_exp_PST_104E_count_0.tsv,15_0023,8212.0,3394.0,2349.0,380.5,1280.0
merged_Adams_exp_PST_104E_count_0.tsv,15_0108,5563.5,2439.5,1650.23375,288.5,782.0
merged_Adams_exp_PST_104E_count_0.tsv,15_0109,7320.5,3411.5,1837.24975,275.0,550.0
merged_Adams_exp_PST_104E_count_0.tsv,15_0110,299.5,156.0,53.000099999999996,10.5,25.0
merged_Adams_exp_PST_104E_count_0.tsv,15_0139,4426.5,1378.5,813.75,241.0,679.0
merged_Adams_exp_PST_104E_count_0.tsv,15_0140,15645.5,5144.5,3294.807,499.5,661.0
merged_Adams_exp_PST_104E_count_0.tsv,15_0208,9613.5,3351.0,2169.75,374.0,858.0
merged_Adams_exp_PST_104E_count_0.tsv,15_0209,5984.5,1993.5,1273.4995,235.0,543.0
merged_Adams_exp_PST_104E_count_0.tsv,15_0231,4636.5,1510.5,943.9987500000001,181.5,350.791
merged_Adams_exp_PST_104E_count_0.tsv,15_0242,7870.0,2488.5,1779.7377499999998,267.5,379.567
merged_Adams_exp_PST_104E_count_0.tsv,15_0245,4853.5,1702.5,1003.4782500000001,156.5,272.0
merged_Adams_exp_PST_104E_count_0.tsv,15_0405,2279.0,983.5,474.25,69.0,136.0
merged_Adams_exp_PST_104E_count_0.tsv,15_0407,1337.0,616.0,249.249925,27.5,79.0
merged_Adams_exp_PST_104E_count_0.tsv,15_0408,726.5,258.0,126.25,24.0,34.0
merged_Adams_exp_PST_104E_count_0.tsv,16_0121,6941.5,2736.5,1553.25125,280.5,75.0
merged_Adams_exp_PST_104E_count_0.tsv,16_0122,10268.0,5256.0,2691.1037500000007,559.5,1026.0
merged_Adams_exp_PST_104E_count_0.tsv,16_0604,11581.0,3970.5,2504.75,607.0,89.0
merged_Adams_exp_PST_104E_count_0.tsv,16_0605,13341.0,4357.5,2212.8805,470.5,367.0
merged_Adams_exp_PST_104E_count_0.tsv,16_0608,8649.5,2623.5,1729.75,315.0,435.0
merged_Adams_exp_PST_104E_count_0.tsv,16_0647,2018.0,1305.0,406.90189999999996,79.5,213.0
merged_Adams_exp_PST_104E_count_0.tsv,15_0080,128.5,4.5,2.25,2.0,1.0
merged_Adams_exp_PST_104E_count_0.tsv,15_0082,26.5,10.5,3.0,0.5,0.5
merged_Adams_exp_PST_104E_count_0.tsv,16_0184,3833.0,1038.5,589.7510000000001,110.5,122.0
merged_Adams_exp_PST_104E_count_0.tsv,16_0191,166.5,10.5,7.75,1.5,0.0
merged_Adams_exp_PST_104E_count_0.tsv,16_0220,658.5,214.0,125.5,28.5,79.0
merged_Adams_exp_PST_104E_count_0.tsv,16_0526,110.0,11.5,11.75,1.0,0.0
merged_Adams_exp_PST_104E_count_0.tsv,17_0032,1527.5,792.0,386.5,53.0,81.0
merged_Adams_exp_PST_104E_count_0.tsv,15_0055,7393.0,1942.5,2011.5,418.5,474.0
merged_Adams_exp_PST_104E_count_0.tsv,15_0057,6366.0,2143.0,1585.25,362.5,348.0
merged_Adams_exp_PST_104E_count_0.tsv,15_0058,5095.0,1774.0,1413.5,218.0,286.0
merged_Adams_exp_PST_104E_count_0.tsv,15_0060,5485.0,1958.0,1406.25,311.5,572.0
merged_Adams_exp_PST_104E_count_0.tsv,15_0061,8508.5,3124.5,1925.7144999999998,373.5,991.0
merged_Adams_exp_PST_104E_count_0.tsv,15_0063,1999.5,621.5,378.9995,84.5,166.0
merged_Adams_exp_PST_104E_count_0.tsv,15_0085,9024.0,4164.0,2375.4475,383.5,1095.0
merged_Adams_exp_PST_104E_count_0.tsv,15_0087,4207.0,1912.5,1006.50025,133.5,324.0
merged_Adams_exp_PST_104E_count_0.tsv,15_0341,4541.5,1690.0,847.2745,205.5,2.83333
merged_Adams_exp_PST_104E_count_0.tsv,15_0342,2422.5,1319.5,430.5,76.5,298.0
merged_Adams_exp_PST_104E_count_0.tsv,15_0343,2203.5,919.0,416.5883,88.5,313.0
merged_Adams_exp_PST_104E_count_0.tsv,15_0344,3354.5,1874.5,659.5,165.0,12.0
merged_Adams_exp_PST_104E_count_0.tsv,15_0424,5968.5,2119.5,1252.86825,266.5,454.0
merged_Adams_exp_PST_104E_count_0.tsv,16_0093,9808.0,4557.5,2350.53525,491.0,1485.95
merged_Adams_exp_PST_104E_count_0.tsv,16_0094,9446.5,3914.0,2237.25,593.5,605.0
merged_Adams_exp_PST_104E_count_0.tsv,16_0105,6979.0,2502.5,1652.00025,416.5,544.0
merged_Adams_exp_PST_104E_count_0.tsv,16_0106,9118.0,3700.5,2333.91725,607.0,2008.0
merged_Adams_exp_PST_104E_count_0.tsv,16_0108,1634.0,869.5,343.75,44.5,114.0
merged_Adams_exp_PST_104E_count_0.tsv,16_0110,7143.5,4095.0,1303.5,738.5,722.0
merged_Adams_exp_PST_104E_count_0.tsv,16_0162,3930.0,1357.5,573.99875,150.0,246.0
merged_Adams_exp_PST_104E_count_0.tsv,16_0215,4990.0,2024.0,1167.87375,277.0,1032.0
merged_Adams_exp_PST_104E_count_0.tsv,16_0216,4085.0,2112.0,849.999,142.5,473.0
merged_Adams_exp_PST_104E_count_0.tsv,16_0217,5945.0,2326.5,1443.237,422.0,736.98
merged_Adams_exp_PST_104E_count_0.tsv,16_0474,1815.5,747.0,300.75,38.0,2.0
merged_Adams_exp_PST_104E_count_0.tsv,16_0475,3539.5,1719.0,721.751,93.5,17.0
merged_Adams_exp_PST_104E_count_0.tsv,16_0476,2092.5,1091.0,430.75,111.5,7.0
merged_Adams_exp_PST_104E_count_0.tsv,16_0485,7252.5,2384.5,1685.25,360.0,67.0
merged_Adams_exp_PST_104E_count_0.tsv,16_0486,8179.0,2993.5,1656.499,290.5,1036.0
merged_Adams_exp_PST_104E_count_0.tsv,16_0488,6876.5,1924.5,1338.99975,354.0,644.0
merged_Adams_exp_PST_104E_count_0.tsv,16_0489,4823.5,1489.5,846.99925,298.0,35.0
merged_Adams_exp_PST_104E_count_0.tsv,16_0494,1831.0,311.0,253.25,52.0,11.0
merged_Adams_exp_PST_104E_count_0.tsv,16_0498,1872.0,408.0,300.0,48.5,6.0
merged_Adams_exp_PST_104E_count_0.tsv,16_0500,143.0,19.0,14.0000075,4.0,0.0
merged_Adams_exp_PST_104E_count_0.tsv,16_0501,942.5,179.5,101.249975,15.0,11.0
merged_Adams_exp_PST_104E_count_0.tsv,16_0503,116.5,18.5,8.7499975,1.5,6.0
merged_Adams_exp_PST_104E_count_0.tsv,16_0508,1688.5,325.5,298.249975,55.0,340.0
merged_Adams_exp_PST_104E_count_0.tsv,16_0559,936.0,441.0,149.749875,20.0,46.0
merged_Adams_exp_PST_104E_count_0.tsv,16_0576,8022.0,3680.5,1392.1395000000002,374.0,99.0
merged_Adams_exp_PST_104E_count_0.tsv,16_0577,5702.5,2645.5,1143.25075,294.0,81.0
merged_Adams_exp_PST_104E_count_0.tsv,16_0586,13359.0,6650.0,3863.381,762.5,796.708
merged_Adams_exp_PST_104E_count_0.tsv,16_0587,14063.5,5776.5,3399.1230000000005,823.0,1775.08
merged_Adams_exp_PST_104E_count_0.tsv,17_0115,10115.0,3419.5,2117.49975,388.5,43.0
merged_Adams_exp_PST_104E_count_0.tsv,17_0116,13009.5,4748.0,2323.7490000000003,330.5,11.0
merged_Adams_exp_PST_104E_count_0.tsv,17_0243,3612.0,1553.5,747.0,150.0,493.0
merged_Adams_exp_PST_104E_count_0.tsv,17_0244,2316.0,986.5,485.97150000000005,88.0,77.0
merged_Adams_exp_PST_104E_count_0.tsv,17_0487,3858.5,1411.5,1132.0,258.0,506.0
merged_Adams_exp_PST_104E_count_0.tsv,16_0491,3820.0,1302.0,796.99975,94.5,502.51
merged_Adams_exp_PST_104E_count_0.tsv,17_0024,3412.0,1531.0,799.75125,118.0,178.0
merged_Adams_exp_PST_104E_count_0.tsv,17_0025,10886.0,4631.5,2710.25,364.5,366.0
merged_Adams_exp_PST_104E_count_0.tsv,17_0026,2596.0,625.0,629.251,87.5,98.0
merged_Adams_exp_PST_104E_count_0.tsv,17_0027,5317.5,1877.5,1376.49975,215.5,268.0
merged_Adams_exp_PST_104E_count_0.tsv,17_0114,10811.5,3109.0,1942.2507500000002,244.0,26.5714
merged_Adams_exp_PST_104E_count_0.tsv,14_0131,292.0,19.5,9.5,2.0,0.0
merged_Adams_exp_PST_104E_count_0.tsv,14_0162,4415.5,1544.5,965.751,164.0,7.0
merged_Adams_exp_PST_104E_count_0.tsv,14_0171,1310.5,164.5,158.499975,22.0,9.0
merged_Adams_exp_PST_104E_count_0.tsv,15_0020,6960.0,2880.5,1601.93525,242.5,626.0
merged_Adams_exp_PST_104E_count_0.tsv,15_0034,10309.0,3713.0,2040.5735,360.5,1500.0
merged_Adams_exp_PST_104E_count_0.tsv,15_0648,10605.5,4336.5,2409.25,858.5,981.0
merged_Adams_exp_PST_104E_count_0.tsv,15_0649,14972.0,5179.0,3724.5025,712.5,1081.86
merged_Adams_exp_PST_104E_count_0.tsv,16_0019,15077.0,4987.5,3451.2374999999997,604.5,906.0
merged_Adams_exp_PST_104E_count_0.tsv,16_0302,5707.0,1396.0,1196.9482500000001,188.5,63.0
merged_Adams_exp_PST_104E_count_0.tsv,16_0392,3303.5,1202.0,637.50125,116.5,51.0
merged_Adams_exp_PST_104E_count_0.tsv,16_0397,3616.5,1217.5,728.25125,142.0,53.0
merged_Adams_exp_PST_104E_count_0.tsv,16_0398,4439.5,1676.5,904.501,183.5,85.0
merged_Adams_exp_PST_104E_count_0.tsv,16_0401,7518.0,3942.0,1712.9009999999998,423.5,0.0
merged_Adams_exp_PST_104E_count_0.tsv,16_0463,2650.5,627.5,354.88439999999997,78.0,13.0
merged_Adams_exp_PST_104E_count_0.tsv,17_0093,7034.0,3106.5,1944.2937499999998,300.0,156.0
merged_Adams_exp_PST_104E_count_0.tsv,17_0100,11527.0,4456.5,2611.897,425.5,177.0
merged_Adams_exp_PST_104E_count_0.tsv,17_0133,2443.5,1012.5,562.999,129.5,38.0
merged_Adams_exp_PST_104E_count_0.tsv,16_0243,2961.0,1128.5,904.24975,156.0,58.0
merged_Adams_exp_PST_104E_count_0.tsv,16_0301,7123.0,2263.5,1237.75125,255.0,116.0
merged_Adams_exp_PST_104E_count_0.tsv,17_0119,4639.0,2332.0,1386.349,238.5,473.543
merged_Adams_exp_PST_104E_count_0.tsv,17_0166,584.5,67.5,23.7499975,7.0,1.0
merged_Adams_exp_PST_104E_count_0.tsv,16_0746,5044.0,2089.0,1349.74925,164.0,240.0
merged_Adams_exp_PST_104E_count_0.tsv,16_0748,5201.0,1991.0,1173.99925,147.0,426.614
merged_Adams_exp_PST_104E_count_0.tsv,16_0751,7142.5,2668.0,1839.92425,225.0,379.0
merged_Adams_exp_PST_104E_count_0.tsv,16_0761,4539.0,1896.0,1040.25,187.5,130.508
merged_Adams_exp_PST_104E_count_0.tsv,16_0765,10231.5,4409.0,2447.75,454.0,694.93
merged_Adams_exp_PST_104E_count_0.tsv,16_0766,8731.5,3093.0,2221.6595,372.0,607.2
merged_Adams_exp_PST_104E_count_0.tsv,14_0053,5126.5,1360.5,1106.001,317.5,517.073
merged_Adams_exp_PST_104E_count_0.tsv,14_0054,3886.0,940.5,839.343,167.5,186.0
merged_Adams_exp_PST_104E_count_0.tsv,14_0058,4154.5,1091.0,926.4995,154.5,213.0
merged_Adams_exp_PST_104E_count_0.tsv,15_0088,7715.0,3213.5,1608.49925,215.0,600.0
merged_Adams_exp_PST_104E_count_0.tsv,15_0089,4652.5,2111.5,849.25,116.5,374.0
merged_Adams_exp_PST_104E_count_0.tsv,15_0090,3118.0,1304.0,584.75025,73.0,234.0
merged_Adams_exp_PST_104E_count_0.tsv,15_0091,47.5,14.0,12.020947499999998,0.0,2.0
merged_Adams_exp_PST_104E_count_0.tsv,15_0094,5892.0,2005.0,1115.25025,177.927,574.78
merged_Adams_exp_PST_104E_count_0.tsv,15_0096,6882.5,2813.0,1323.75075,284.0,523.0
merged_Adams_exp_PST_104E_count_0.tsv,15_0097,4850.0,1623.0,1055.9995,207.0,359.0
merged_Adams_exp_PST_104E_count_0.tsv,15_0166,11885.0,4073.0,2964.6435,445.0,1050.0
merged_Adams_exp_PST_104E_count_0.tsv,15_0167,10887.0,3441.0,2663.25,463.5,869.0
merged_Adams_exp_PST_104E_count_0.tsv,15_0168,10107.0,3224.0,2754.5,649.5,1041.06
merged_Adams_exp_PST_104E_count_0.tsv,15_0169,14813.0,5221.5,3460.995,606.0,1036.0
merged_Adams_exp_PST_104E_count_0.tsv,15_0170,9922.5,3357.0,2591.75,461.0,1248.0
merged_Adams_exp_PST_104E_count_0.tsv,16_0037,6612.0,2068.0,2044.24925,785.0,331.0
merged_Adams_exp_PST_104E_count_0.tsv,16_0038,12114.0,3865.0,2397.22775,428.5,704.183
merged_Adams_exp_PST_104E_count_0.tsv,16_0202,5442.0,2005.0,842.2487500000001,134.0,552.0
merged_Adams_exp_PST_104E_count_0.tsv,16_0203,3262.5,1143.5,553.50025,110.0,365.0
merged_Adams_exp_PST_104E_count_0.tsv,16_0205,787.0,165.5,113.2501,24.0,3.5
merged_Adams_exp_PST_104E_count_0.tsv,16_0208,5073.5,1963.0,838.74975,176.5,54.0
merged_Adams_exp_PST_104E_count_0.tsv,16_0209,6092.5,2222.0,1055.5007500000002,167.5,606.029
merged_Adams_exp_PST_104E_count_0.tsv,16_0210,5743.5,2155.5,948.501,192.5,71.0
merged_Adams_exp_PST_104E_count_0.tsv,16_0211,2201.5,720.5,313.75,73.0,53.0
merged_Adams_exp_PST_104E_count_0.tsv,16_0212,1497.5,298.5,238.75,60.5,24.0
merged_Adams_exp_PST_104E_count_0.tsv,16_0214,2166.0,939.0,323.25,71.5,13.0
merged_Adams_exp_PST_104E_count_0.tsv,16_0224,4123.5,1224.0,664.7764999999999,134.0,457.0
merged_Adams_exp_PST_104E_count_0.tsv,16_0225,5040.0,1152.5,1122.0,250.0,406.395
merged_Adams_exp_PST_104E_count_0.tsv,16_0226,5726.0,1687.0,1136.2495,271.5,562.0
merged_Adams_exp_PST_104E_count_0.tsv,16_0228,3710.0,1367.0,476.5005,113.5,146.0
merged_Adams_exp_PST_104E_count_0.tsv,16_0229,4439.0,1117.5,541.251,148.5,324.0
merged_Adams_exp_PST_104E_count_0.tsv,16_0230,5154.5,1997.5,548.00025,125.0,194.0
merged_Adams_exp_PST_104E_count_0.tsv,16_0231,2091.5,676.0,238.25,41.0,111.0
merged_Adams_exp_PST_104E_count_0.tsv,16_0459,540.0,87.5,68.999925,13.5,14.0
merged_Adams_exp_PST_104E_count_0.tsv,16_0492,155.0,16.0,4.0,0.0,0.0
merged_Adams_exp_PST_104E_count_0.tsv,17_0276,305.5,14.5,8.7500025,4.0,0.0
merged_Adams_exp_PST_104E_count_0.tsv,17_0277,2057.0,361.0,190.46122499999998,54.5,0.0
merged_Adams_exp_PST_104E_count_0.tsv,17_0278,769.0,22.0,9.25001,7.0,0.0
merged_Adams_exp_PST_104E_count_0.tsv,17_0279,760.0,99.5,31.500040000000002,9.5,1.0
merged_Adams_exp_PST_104E_count_0.tsv,17_0392,958.0,464.5,167.4999,45.5,69.0
merged_Adams_exp_PST_104E_count_0.tsv,17_0393,2114.5,1367.5,516.2505,126.5,175.0
merged_Adams_exp_PST_104E_count_0.tsv,17_0394,2141.5,943.5,496.49975,142.0,287.0
merged_Adams_exp_PST_104E_count_0.tsv,17_0395,4153.5,1690.0,833.0010000000001,250.0,52.0
merged_Adams_exp_PST_104E_count_0.tsv,17_0396,7052.0,2491.5,1197.1297499999998,279.5,53.0
merged_Adams_exp_PST_104E_count_0.tsv,17_0397,2043.5,430.5,290.000075,72.5,110.0
merged_Adams_exp_PST_104E_count_0.tsv,17_0398,6642.5,2283.0,1482.50025,347.0,492.0
merged_Adams_exp_PST_104E_count_0.tsv,17_0399,4420.0,1865.0,1104.7492499999998,226.0,277.0
merged_Adams_exp_PST_104E_count_0.tsv,17_0400,1119.5,451.5,220.74995,31.5,15.0
merged_Adams_exp_PST_104E_count_0.tsv,17_0401,3142.0,1094.0,641.0,117.5,229.0
merged_Adams_exp_PST_104E_count_0.tsv,17_0402,5231.0,2221.5,1149.4995,233.0,37.0
merged_Adams_exp_PST_104E_count_0.tsv,17_0403,1618.5,703.0,382.999,71.5,18.0
merged_Adams_exp_PST_104E_count_0.tsv,17_0404,6249.5,2494.5,1540.50075,402.5,106.0
merged_Adams_exp_PST_104E_count_0.tsv,17_0405,4327.0,2199.5,919.25075,146.5,515.0
merged_Adams_exp_PST_104E_count_0.tsv,17_0406,4860.5,2070.0,1320.5,277.5,451.0
merged_Adams_exp_PST_104E_count_0.tsv,17_0407,5296.0,2208.5,1208.2495000000001,256.5,465.0
merged_Adams_exp_PST_104E_count_0.tsv,18_0190,6208.5,2509.0,1485.001,304.5,514.012
merged_Adams_exp_PST_104E_count_0.tsv,18_0191,7332.0,3113.0,1958.49925,352.5,242.0
merged_Adams_exp_PST_104E_count_0.tsv,18_0192,8293.5,3361.5,2350.2844999999998,456.0,339.0
merged_Adams_exp_PST_104E_count_0.tsv,18_0193,3107.0,1033.5,768.9992500000001,126.0,107.0
merged_Adams_exp_PST_104E_count_0.tsv,18_0194,2120.0,859.5,383.50075,62.0,111.0
merged_Adams_exp_PST_104E_count_0.tsv,18_0195,1216.5,207.0,273.5,44.5,57.0
merged_Adams_exp_PST_104E_count_0.tsv,18_0197,5000.5,1923.0,1281.5004999999999,282.0,432.0
merged_Adams_exp_PST_104E_count_0.tsv,18_0198,5191.5,3111.5,1414.2189999999998,336.0,701.0
merged_Adams_exp_PST_104E_count_0.tsv,18_0199,5302.5,2705.0,1525.0007500000002,360.0,416.0
merged_Adams_exp_PST_104E_count_0.tsv,18_0201,3533.0,1736.5,771.00075,157.5,321.0
merged_Adams_exp_PST_104E_count_0.tsv,18_0202,1277.5,372.5,221.0001,46.5,61.0
merged_Adams_exp_PST_104E_count_0.tsv,18_0203,3067.5,848.0,592.7040000000001,77.0,64.0
merged_Adams_exp_PST_104E_count_0.tsv,18_0204,633.0,44.0,27.25,8.5,0.0
merged_Adams_exp_PST_104E_count_0.tsv,18_0205,732.5,55.5,35.863687500000005,6.0,0.0
merged_Adams_exp_PST_104E_count_0.tsv,17_0389,5815.5,1924.5,1150.74975,359.0,449.0
merged_Adams_exp_PST_104E_count_0.tsv,15_0147,6501.0,2831.5,1149.501,196.0,186.0
merged_Adams_exp_PST_104E_count_0.tsv,15_0258,7562.5,3331.0,1771.25,348.5,516.0
merged_Adams_exp_PST_104E_count_0.tsv,15_0259,5069.0,1999.5,995.75,191.5,444.0
merged_Adams_exp_PST_104E_count_0.tsv,15_0260,6382.0,3401.0,1266.9137500000002,171.0,422.0
merged_Adams_exp_PST_104E_count_0.tsv,15_0261,5769.5,2267.0,1658.5,163.0,329.0
merged_Adams_exp_PST_104E_count_0.tsv,15_0262,10219.5,3582.0,2049.25,448.0,675.0
merged_Adams_exp_PST_104E_count_0.tsv,15_0263,12014.0,4446.0,2743.5,474.244,926.0
merged_Adams_exp_PST_104E_count_0.tsv,15_0264,2891.5,929.5,553.999,115.0,131.0
merged_Adams_exp_PST_104E_count_0.tsv,15_0265,6292.0,2546.0,1528.50025,271.0,398.0
merged_Adams_exp_PST_104E_count_0.tsv,15_0267,1635.0,585.5,275.5,43.0,118.0
merged_Adams_exp_PST_104E_count_0.tsv,15_0268,5070.0,2420.5,1119.75,177.0,321.0
merged_Adams_exp_PST_104E_count_0.tsv,15_0269,610.0,210.5,102.7499,16.0,32.0
merged_Adams_exp_PST_104E_count_0.tsv,15_0270,2644.5,1173.5,558.24875,79.5,146.0
merged_Adams_exp_PST_104E_count_0.tsv,15_0376,16510.0,5874.0,3745.5944999999997,517.5,1194.0
merged_Adams_exp_PST_104E_count_0.tsv,15_0377,23257.5,7441.0,5179.4875,1045.0,2217.08
merged_Adams_exp_PST_104E_count_0.tsv,15_0379,10379.5,3673.0,2478.7512500000003,378.5,551.0
merged_Adams_exp_PST_104E_count_0.tsv,15_0380,9518.0,3908.0,2068.782,400.0,734.0
merged_Adams_exp_PST_104E_count_0.tsv,15_0381,8328.5,3075.0,1860.00025,309.0,661.994
merged_Adams_exp_PST_104E_count_0.tsv,15_0382,9866.5,3337.5,2360.8594999999996,518.5,692.0
merged_Adams_exp_PST_104E_count_0.tsv,15_0384,6123.5,2771.0,1366.3729999999998,302.5,561.137
merged_Adams_exp_PST_104E_count_0.tsv,15_0385,5412.0,1644.5,1221.001,273.799,514.0
merged_Adams_exp_PST_104E_count_0.tsv,15_0387,5760.0,2258.0,1341.457,354.5,685.0
merged_Adams_exp_PST_104E_count_0.tsv,15_0389,3478.5,1234.0,654.49975,143.5,176.0
merged_Adams_exp_PST_104E_count_0.tsv,15_0390,6680.5,2198.5,1314.9855000000002,272.5,665.534
merged_Adams_exp_PST_104E_count_0.tsv,15_0395,1388.0,426.5,291.3547249999999,63.5,210.0
merged_Adams_exp_PST_104E_count_0.tsv,15_0396,2174.0,852.0,520.7495,119.5,230.0
merged_Adams_exp_PST_104E_count_0.tsv,15_0397,2940.0,1657.5,625.8467499999999,125.5,381.0
merged_Adams_exp_PST_104E_count_0.tsv,15_0399,7371.5,3427.5,1982.327,427.0,969.0
merged_Adams_exp_PST_104E_count_0.tsv,16_0023,85.5,31.5,17.499995,2.0,2.0
merged_Adams_exp_PST_104E_count_0.tsv,16_0264,855.0,442.0,233.4432,11.5,223.0
merged_Adams_exp_PST_104E_count_0.tsv,15_0274,8755.0,3006.5,2239.25,419.0,2597.12
merged_Adams_exp_PST_104E_count_0.tsv,15_0292,949.5,301.0,188.25,34.0,87.0
merged_Adams_exp_PST_104E_count_0.tsv,15_0432,1231.5,468.0,316.5,48.0,150.0
merged_Adams_exp_PST_104E_count_0.tsv,15_0433,3578.5,1230.0,920.50025,192.5,402.0
merged_Adams_exp_PST_104E_count_0.tsv,15_0455,2359.0,734.0,532.00025,99.0,202.0
merged_Adams_exp_PST_104E_count_0.tsv,15_0464,797.0,235.5,168.9999,74.0,420.0
merged_Adams_exp_PST_104E_count_0.tsv,15_0493,1711.0,662.0,408.75,72.5,1.0
merged_Adams_exp_PST_104E_count_0.tsv,15_0515,5627.0,977.5,572.0005,122.0,67.0
merged_Adams_exp_PST_104E_count_0.tsv,15_0517,927.5,260.5,162.5,20.0,0.0
merged_Adams_exp_PST_104E_count_0.tsv,15_0523,894.0,334.0,186.0,26.5,0.0
merged_Adams_exp_PST_104E_count_0.tsv,15_0527,3915.0,1777.5,622.50025,187.0,1.0
merged_Adams_exp_PST_104E_count_0.tsv,15_0537,1578.5,871.0,314.5,92.0,710.0
merged_Adams_exp_PST_104E_count_0.tsv,15_0546,1023.0,232.5,166.63985000000002,29.0,24.0
merged_Adams_exp_PST_104E_count_0.tsv,15_0550,1481.5,630.5,328.5,85.5,5.0
merged_Adams_exp_PST_104E_count_0.tsv,15_0553,2348.0,884.0,493.75,122.5,426.0
merged_Adams_exp_PST_104E_count_0.tsv,15_0616,2136.5,898.0,444.75,81.0,0.0
merged_Adams_exp_PST_104E_count_0.tsv,17_0091,570.5,78.5,50.999875,7.5,24.0
merged_Adams_exp_PST_104E_count_0.tsv,15_0347,7546.0,2602.0,1292.749,292.0,514.0
merged_Adams_exp_PST_104E_count_0.tsv,16_0266,114.0,17.0,11.0000125,3.0,4.0
merged_Adams_exp_PST_104E_count_0.tsv,16_0275,16033.5,5842.5,2979.135,534.0,287.0
merged_Adams_exp_PST_104E_count_0.tsv,16_0293,7678.5,2846.0,1682.75,194.0,70.0
merged_Adams_exp_PST_104E_count_0.tsv,16_0294,2491.0,1156.0,396.50025,86.0,247.0
merged_Adams_exp_PST_104E_count_0.tsv,16_0307,3946.5,931.0,374.39099999999996,96.5,75.0
merged_Adams_exp_PST_104E_count_0.tsv,16_0337,2834.5,1185.0,570.7507499999999,117.0,0.0
merged_Adams_exp_PST_104E_count_0.tsv,16_0338,2208.0,534.0,259.0,41.5,0.0
merged_Adams_exp_PST_104E_count_0.tsv,16_0341,4717.5,990.5,587.751,88.5,37.0
merged_Adams_exp_PST_104E_count_0.tsv,16_0343,3377.0,1287.5,643.5,99.5,1.0
merged_Adams_exp_PST_104E_count_0.tsv,16_0363,6189.0,2655.5,892.249,251.5,63.0
merged_Adams_exp_PST_104E_count_0.tsv,16_0364,13743.5,4316.5,2383.3405000000002,496.5,73.0
merged_Adams_exp_PST_104E_count_0.tsv,16_0366,9692.5,2371.0,1573.25075,345.5,696.0
merged_Adams_exp_PST_104E_count_0.tsv,16_0372,18025.5,7887.0,3051.2400000000002,737.0,14.0
merged_Adams_exp_PST_104E_count_0.tsv,16_0374,7888.5,2157.5,1151.75,240.5,92.0
merged_Adams_exp_PST_104E_count_0.tsv,16_0375,1631.0,240.0,63.75,10.5,2.0
merged_Adams_exp_PST_104E_count_0.tsv,16_0377,637.0,75.5,35.5,2.0,0.0
merged_Bueno-Sancho_exp_PST_104E_count_0.tsv,14_0001,7606.0,1937.0,2478.0,429.0,502.0
merged_Bueno-Sancho_exp_PST_104E_count_0.tsv,14_0002,5738.0,1308.5,1516.25025,354.0,1171.0
merged_Bueno-Sancho_exp_PST_104E_count_0.tsv,14_0004,1908.5,544.5,366.49875,67.0,293.0
merged_Bueno-Sancho_exp_PST_104E_count_0.tsv,14_0005,3723.5,1763.0,879.001,189.5,440.0
merged_Bueno-Sancho_exp_PST_104E_count_0.tsv,14_0006,2659.0,1223.5,574.5005,106.0,288.0
merged_Bueno-Sancho_exp_PST_104E_count_0.tsv,14_0007,4617.0,1158.5,964.751,207.5,764.127
merged_Bueno-Sancho_exp_PST_104E_count_0.tsv,14_0008,9021.5,2240.5,2773.643,173.0,293.0
merged_Bueno-Sancho_exp_PST_104E_count_0.tsv,14_0009,6680.5,1632.0,1542.75,258.5,288.0
merged_Bueno-Sancho_exp_PST_104E_count_0.tsv,14_0010,10208.5,3619.0,2609.1002500000004,493.5,914.0
merged_Bueno-Sancho_exp_PST_104E_count_0.tsv,14_0011,6730.5,2139.5,1709.25,271.0,523.0
merged_Bueno-Sancho_exp_PST_104E_count_0.tsv,14_0014,2726.0,769.5,523.00125,92.0,330.0
merged_Bueno-Sancho_exp_PST_104E_count_0.tsv,14_0015,1990.0,439.0,449.0005,81.5,99.0
merged_Bueno-Sancho_exp_PST_104E_count_0.tsv,14_0016,2623.5,1280.0,851.50075,108.5,672.0
merged_Bueno-Sancho_exp_PST_104E_count_0.tsv,14_0017,8042.0,3042.5,1019.5007499999999,154.5,679.0
merged_Bueno-Sancho_exp_PST_104E_count_0.tsv,14_0018,2812.5,1085.0,324.99899999999997,61.0,215.0
merged_Bueno-Sancho_exp_PST_104E_count_0.tsv,14_0019,2477.5,985.5,140.500025,61.0,19.0
merged_Bueno-Sancho_exp_PST_104E_count_0.tsv,14_0020,1827.5,373.5,304.04105000000004,48.0,100.0
merged_Bueno-Sancho_exp_PST_104E_count_0.tsv,14_0021,11738.0,3194.5,2076.96225,369.0,614.0
merged_Bueno-Sancho_exp_PST_104E_count_0.tsv,14_0023,3655.5,985.0,101.74995,32.5,18.0
merged_Bueno-Sancho_exp_PST_104E_count_0.tsv,14_0024,4672.5,1352.5,959.7505,162.0,368.0
merged_Bueno-Sancho_exp_PST_104E_count_0.tsv,14_0025,4804.5,1316.0,990.5,169.5,301.0
merged_Bueno-Sancho_exp_PST_104E_count_0.tsv,14_0026,4889.5,1519.5,1209.25125,213.5,605.0
merged_Bueno-Sancho_exp_PST_104E_count_0.tsv,14_0027,9144.0,4216.5,2382.6189999999997,431.0,539.0
merged_Bueno-Sancho_exp_PST_104E_count_0.tsv,14_0029,8712.0,3116.0,2424.5,558.0,545.0
merged_Bueno-Sancho_exp_PST_104E_count_0.tsv,14_0030,9045.5,2984.5,2403.75,436.0,652.0
merged_Bueno-Sancho_exp_PST_104E_count_0.tsv,14_0035,2294.0,563.0,315.49875,69.5,94.0
merged_Bueno-Sancho_exp_PST_104E_count_0.tsv,14_0036,2118.5,780.5,313.75,63.0,212.0
merged_Bueno-Sancho_exp_PST_104E_count_0.tsv,14_0037,9120.0,3046.5,1768.75125,276.0,795.0
merged_Bueno-Sancho_exp_PST_104E_count_0.tsv,14_0039,1139.0,207.0,195.75,28.5,81.0
merged_Bueno-Sancho_exp_PST_104E_count_0.tsv,14_0040,2137.0,734.0,342.5,41.5,88.0
merged_Bueno-Sancho_exp_PST_104E_count_0.tsv,14_0041,12759.0,5456.5,2549.8625,364.5,881.0
merged_Bueno-Sancho_exp_PST_104E_count_0.tsv,14_0042,3613.0,1237.5,517.24975,79.0,334.0
merged_Bueno-Sancho_exp_PST_104E_count_0.tsv,14_0043,5765.0,1804.0,1343.8312500000002,239.0,422.0
merged_Bueno-Sancho_exp_PST_104E_count_0.tsv,14_0044,557.5,204.5,76.750025,17.5,14.0
merged_Bueno-Sancho_exp_PST_104E_count_0.tsv,14_0046,9423.0,3437.0,2569.3770000000004,539.5,688.0
merged_Bueno-Sancho_exp_PST_104E_count_0.tsv,14_0047,5746.0,1690.5,1415.75125,264.5,406.0
merged_Bueno-Sancho_exp_PST_104E_count_0.tsv,14_0059,1889.0,513.0,294.5,78.5,1.0
merged_Bueno-Sancho_exp_PST_104E_count_0.tsv,14_0060,6157.5,2005.0,1035.0007500000002,273.717,67.0
merged_Bueno-Sancho_exp_PST_104E_count_0.tsv,14_0061,5354.0,1167.5,783.001,147.0,10.0
merged_Bueno-Sancho_exp_PST_104E_count_0.tsv,14_0062,1369.5,269.5,125.00005,14.0,2.0
merged_Bueno-Sancho_exp_PST_104E_count_0.tsv,14_0069,10681.5,3199.5,3273.75,393.0,1107.0
merged_Bueno-Sancho_exp_PST_104E_count_0.tsv,14_0072,3622.0,495.0,447.9995,84.0,0.5
merged_Bueno-Sancho_exp_PST_104E_count_0.tsv,14_0076,7555.5,4691.0,1362.4180000000001,1239.5,1563.0
merged_Bueno-Sancho_exp_PST_104E_count_0.tsv,14_0077,8208.5,2782.5,2191.2690000000002,612.5,551.951
merged_Bueno-Sancho_exp_PST_104E_count_0.tsv,14_0078,3233.5,1382.5,876.75,139.0,59.4118
merged_Bueno-Sancho_exp_PST_104E_count_0.tsv,14_0079,11194.5,3175.0,2313.4955,376.655,711.0
merged_Bueno-Sancho_exp_PST_104E_count_0.tsv,14_0080,10539.0,2527.5,2548.25,603.365,369.769
merged_Bueno-Sancho_exp_PST_104E_count_0.tsv,14_0081,5960.5,3425.5,1211.5,225.5,357.0
merged_Bueno-Sancho_exp_PST_104E_count_0.tsv,14_0084,2257.0,647.0,428.999,66.0,114.0
merged_Bueno-Sancho_exp_PST_104E_count_0.tsv,14_0085,6991.5,2039.0,1351.0004999999999,214.5,393.0
merged_Bueno-Sancho_exp_PST_104E_count_0.tsv,14_0086,6077.0,1848.0,1253.4995,205.5,318.0
merged_Bueno-Sancho_exp_PST_104E_count_0.tsv,14_0087,10749.5,3830.5,2731.25,414.5,451.0
merged_Bueno-Sancho_exp_PST_104E_count_0.tsv,14_0088,7197.5,2748.5,1739.38875,333.0,385.0
merged_Bueno-Sancho_exp_PST_104E_count_0.tsv,14_0089,7360.0,2220.5,1701.9534999999998,330.0,743.0
merged_Bueno-Sancho_exp_PST_104E_count_0.tsv,14_0090,2802.0,1089.0,587.7505,100.5,676.0
merged_Bueno-Sancho_exp_PST_104E_count_0.tsv,14_0091,7138.0,3922.0,1052.5,357.5,1707.0
merged_Bueno-Sancho_exp_PST_104E_count_0.tsv,14_0092,12844.0,3858.0,2569.1890000000003,518.5,1053.0
merged_Bueno-Sancho_exp_PST_104E_count_0.tsv,14_0093,11674.0,3620.0,2690.25,426.5,862.0
merged_Bueno-Sancho_exp_PST_104E_count_0.tsv,14_0094,5977.0,1576.0,1383.2505,211.0,502.0
merged_Bueno-Sancho_exp_PST_104E_count_0.tsv,14_0095,5497.5,1932.0,1282.50075,198.0,254.0
merged_Bueno-Sancho_exp_PST_104E_count_0.tsv,14_0096,7193.0,2508.0,1797.0,296.5,542.07
merged_Bueno-Sancho_exp_PST_104E_count_0.tsv,14_0097,15043.5,6456.5,3651.4975000000004,660.5,883.0
merged_Bueno-Sancho_exp_PST_104E_count_0.tsv,14_0098,13396.5,4589.5,3209.4179999999997,661.0,1027.13
merged_Bueno-Sancho_exp_PST_104E_count_0.tsv,14_0099,6293.5,2496.5,964.499,109.0,295.0
merged_Bueno-Sancho_exp_PST_104E_count_0.tsv,14_0101,2985.0,832.5,673.2505,150.0,157.0
merged_Bueno-Sancho_exp_PST_104E_count_0.tsv,14_0103,7694.0,1924.5,1770.2615,306.5,133.0
merged_Bueno-Sancho_exp_PST_104E_count_0.tsv,14_0105,10997.5,3933.5,2102.0,249.0,792.0
merged_Bueno-Sancho_exp_PST_104E_count_0.tsv,14_0108,8324.0,2001.0,1826.0,348.0,951.0
merged_Bueno-Sancho_exp_PST_104E_count_0.tsv,14_0115,411.0,118.5,31.0,4.0,4.0
merged_Bueno-Sancho_exp_PST_104E_count_0.tsv,14_0120,7756.0,3055.0,1876.499,293.0,196.0
merged_Bueno-Sancho_exp_PST_104E_count_0.tsv,14_0126,3245.5,896.5,294.5,110.5,9.0
merged_Bueno-Sancho_exp_PST_104E_count_0.tsv,14_0127,2143.0,528.5,442.50025,87.5,232.0
merged_Bueno-Sancho_exp_PST_104E_count_0.tsv,14_0128,3883.0,1402.0,797.9989999999999,142.0,752.0
merged_Bueno-Sancho_exp_PST_104E_count_0.tsv,14_0129,1173.5,381.0,28.5000025,5.0,3.0
merged_Bueno-Sancho_exp_PST_104E_count_0.tsv,14_0135,1120.5,342.5,142.50095000000002,28.0,52.0
merged_Bueno-Sancho_exp_PST_104E_count_0.tsv,14_0139,1426.0,553.0,185.5,20.5,32.0
merged_Bueno-Sancho_exp_PST_104E_count_0.tsv,14_0140,1577.0,600.5,222.5,43.5,64.0
merged_Bueno-Sancho_exp_PST_104E_count_0.tsv,14_0141,1250.5,500.0,184.75,36.5,74.697
merged_Bueno-Sancho_exp_PST_104E_count_0.tsv,14_0142,3810.0,630.5,418.9995,71.5,5.0
merged_Bueno-Sancho_exp_PST_104E_count_0.tsv,14_0145,6217.5,1411.0,1110.5004999999999,203.5,523.0
merged_Bueno-Sancho_exp_PST_104E_count_0.tsv,14_0146,6555.0,1833.5,1427.251,207.5,788.291
merged_Bueno-Sancho_exp_PST_104E_count_0.tsv,14_0148,15147.5,4651.5,2463.9309999999996,154.5,170.0
merged_Bueno-Sancho_exp_PST_104E_count_0.tsv,14_0151,4376.5,1466.0,516.001,73.0,1.0
merged_Bueno-Sancho_exp_PST_104E_count_0.tsv,14_0152,13632.0,3113.0,1721.46755,188.0,15.0
merged_Bueno-Sancho_exp_PST_104E_count_0.tsv,14_0153,2488.5,513.0,422.249,93.5,249.0
merged_Bueno-Sancho_exp_PST_104E_count_0.tsv,14_0155,11482.5,3703.0,1545.74975,201.5,524.0
merged_Bueno-Sancho_exp_PST_104E_count_0.tsv,14_0158,1068.5,199.0,34.155950000000004,7.5,0.0
merged_Bueno-Sancho_exp_PST_104E_count_0.tsv,14_0159,11136.5,4010.0,2169.0,257.5,13.0
merged_Bueno-Sancho_exp_PST_104E_count_0.tsv,14_0160,13839.0,4708.5,2363.0,220.5,8.0
merged_Bueno-Sancho_exp_PST_104E_count_0.tsv,14_0163,2887.5,443.5,412.9998,97.5,41.0
merged_Bueno-Sancho_exp_PST_104E_count_0.tsv,14_0165,2023.5,358.0,232.10764999999998,37.5,23.0
merged_Bueno-Sancho_exp_PST_104E_count_0.tsv,14_0166,4523.5,446.0,357.75075000000004,51.5,22.0
merged_Bueno-Sancho_exp_PST_104E_count_0.tsv,14_0167,4695.5,922.0,655.249,93.0,134.0
merged_Bueno-Sancho_exp_PST_104E_count_0.tsv,14_0169,4415.5,986.5,1149.728,200.0,689.0
merged_Bueno-Sancho_exp_PST_104E_count_0.tsv,14_0172,802.5,98.5,42.302975,12.5,2.0
merged_Bueno-Sancho_exp_PST_104E_count_0.tsv,14_0173,1664.5,431.0,419.00025,66.0,264.0
merged_Bueno-Sancho_exp_PST_104E_count_0.tsv,14_0174,1429.0,315.0,266.5,49.0,302.0
merged_Bueno-Sancho_exp_PST_104E_count_0.tsv,14_0175,11296.0,2405.5,1767.4115,269.5,30.0
merged_Bueno-Sancho_exp_PST_104E_count_0.tsv,14_0176,4164.0,1236.0,458.9995,96.5,3.0
merged_Bueno-Sancho_exp_PST_104E_count_0.tsv,14_0179,5754.5,849.0,539.25025,79.5,14.0
merged_Bueno-Sancho_exp_PST_104E_count_0.tsv,14_0180,5618.0,1022.5,889.613,146.05,130.0
merged_Bueno-Sancho_exp_PST_104E_count_0.tsv,14_0181,2675.5,287.5,181.500075,31.0,11.0
merged_Bueno-Sancho_exp_PST_104E_count_0.tsv,14_0182,1086.0,2907.0,244.0,898.5,2812.0
merged_Bueno-Sancho_exp_PST_104E_count_0.tsv,14_0183,701.0,1609.0,126.74995000000001,541.5,257.0
merged_Bueno-Sancho_exp_PST_104E_count_0.tsv,14_0188,1112.5,1245.5,271.4305,836.5,2395.98
merged_Bueno-Sancho_exp_PST_104E_count_0.tsv,14_0190,993.5,886.5,194.7466,413.5,96.0
merged_Bueno-Sancho_exp_PST_104E_count_0.tsv,14_0191,1902.5,2624.5,238.0,713.0,975.0
merged_Bueno-Sancho_exp_PST_104E_count_0.tsv,14_0193,829.0,1394.5,152.796425,501.0,173.0
merged_Bueno-Sancho_exp_PST_104E_count_0.tsv,14_0195,518.5,324.0,105.4999,313.0,205.0
merged_Bueno-Sancho_exp_PST_104E_count_0.tsv,14_0203,7126.0,3414.5,818.7984999999999,834.5,69.0
merged_Bueno-Sancho_exp_PST_104E_count_0.tsv,14_0205,1004.5,1826.0,183.50005,420.5,2278.0
merged_Bueno-Sancho_exp_PST_104E_count_0.tsv,14_0210,433.5,1465.0,91.74995,555.5,16.0
merged_Bueno-Sancho_exp_PST_104E_count_0.tsv,14_0215,845.0,225.0,174.0,17.0,51.0
merged_Bueno-Sancho_exp_PST_104E_count_0.tsv,14_0216,207.5,771.5,53.749875,434.5,380.0
merged_Bueno-Sancho_exp_PST_104E_count_0.tsv,14_0218,552.0,1695.5,113.96645000000001,319.5,856.0
merged_Bueno-Sancho_exp_PST_104E_count_0.tsv,14_0225,1554.0,6769.5,405.7745,1836.77,3694.78
merged_Bueno-Sancho_exp_PST_104E_count_0.tsv,14_0226,474.5,3948.5,162.25,1372.5,1803.0
merged_Bueno-Sancho_exp_PST_104E_count_0.tsv,14_0227,489.0,333.0,105.499875,520.0,93.0
merged_Bueno-Sancho_exp_PST_104E_count_0.tsv,14_0236,762.0,195.5,94.000125,22.5,25.0
merged_Bueno-Sancho_exp_PST_104E_count_0.tsv,14_0237,1662.0,321.0,207.5,29.5,18.0
merged_Bueno-Sancho_exp_PST_104E_count_0.tsv,14_0238,1862.5,613.5,253.0,45.0,45.0
merged_Bueno-Sancho_exp_PST_104E_count_0.tsv,14_0239,3340.0,955.0,521.5005,120.0,109.0
merged_Bueno-Sancho_exp_PST_104E_count_0.tsv,14_0240,7440.5,2573.0,1376.074,328.5,210.0
merged_Bueno-Sancho_exp_PST_104E_count_0.tsv,06_01NZ,13096.0,4284.0,3704.4804999999997,826.5,1.0
merged_Bueno-Sancho_exp_PST_104E_count_0.tsv,12_08NZ,14289.5,4390.0,3880.495,810.0,0.0
merged_Bueno-Sancho_exp_PST_104E_count_0.tsv,ATR-1,6935.0,3217.0,1925.5745000000002,365.5,480.0
merged_Bueno-Sancho_exp_PST_104E_count_0.tsv,ATR-2,7321.0,3102.0,1875.7649999999999,388.5,454.0
merged_Bueno-Sancho_exp_PST_104E_count_0.tsv,ATR-3,6351.5,1937.5,1423.0605,337.0,446.0
merged_Bueno-Sancho_exp_PST_104E_count_0.tsv,Chile18,4072.5,1240.5,818.0,119.5,118.32
merged_Bueno-Sancho_exp_PST_104E_count_0.tsv,Chile3,2887.5,765.0,503.25085,83.5,170.872
merged_Bueno-Sancho_exp_PST_104E_count_0.tsv,Chile30,5942.5,3177.5,1568.5,158.5,803.734
merged_Bueno-Sancho_exp_PST_104E_count_0.tsv,Chile31,3496.0,1052.0,836.25,132.5,763.0
merged_Bueno-Sancho_exp_PST_104E_count_0.tsv,Chile4,15423.5,5015.0,3097.5,392.0,292.833
merged_Bueno-Sancho_exp_PST_104E_count_0.tsv,Qld-1,9866.5,5543.5,3052.75,440.5,636.0
merged_Bueno-Sancho_exp_PST_104E_count_0.tsv,Qld-2,12268.0,5904.0,3470.25,518.0,535.0
merged_Bueno-Sancho_exp_PST_104E_count_0.tsv,Qld-3,4421.5,1307.5,695.75125,85.0,711.0
merged_Bueno-Sancho_exp_PST_104E_count_0.tsv,012_12,113.5,455.5,54.75,448.0,242.0
merged_Bueno-Sancho_exp_PST_104E_count_0.tsv,11_03,93.0,637.5,43.5,452.0,132.0
merged_Boshoff_exp_PST_104E_count_0.tsv,18_0166,9973.0,2996.5,2952.5,621.0,736.0
merged_Boshoff_exp_PST_104E_count_0.tsv,18_0167,8480.0,2189.5,2500.7495,500.0,619.9
merged_Boshoff_exp_PST_104E_count_0.tsv,18_0169,16432.5,7074.5,4719.7625,905.5,1340.0
merged_Boshoff_exp_PST_104E_count_0.tsv,18_0171,20390.0,6710.5,5868.602499999999,1276.5,1065.0
merged_Boshoff_exp_PST_104E_count_0.tsv,18_0172,20390.0,6710.5,5868.602499999999,1276.5,1065.0
merged_Boshoff_exp_PST_104E_count_0.tsv,18_0173,16576.0,4940.0,4616.75,802.0,906.0
merged_Boshoff_exp_PST_104E_count_0.tsv,18_0175,18429.0,6123.5,5249.968,1004.0,984.0
merged_Boshoff_exp_PST_104E_count_0.tsv,18_0177,17799.5,5959.5,5111.173499999999,1006.0,1021.0
merged_Boshoff_exp_PST_104E_count_0.tsv,18_0178,13168.5,5129.5,3340.5,601.5,730.563
merged_Boshoff_exp_PST_104E_count_0.tsv,18_0183,16395.0,5520.0,4740.7645,858.5,1163.0
merged_Boshoff_exp_PST_104E_count_0.tsv,18_0184,14198.0,4429.5,4253.25,728.0,1371.0
merged_Garnica_exp_PST_104E_count_0.tsv,SRR579533,6071.0,520.0,1649.395,1177.5,12821.0
merged_Garnica_exp_PST_104E_count_0.tsv,SRR579534,1924.5,260.0,502.749,415.5,4700.48
merged_Garnica_exp_PST_104E_count_0.tsv,SRR579535,2167.5,371.5,577.6311,545.0,5130.32
merged_Garnica_exp_PST_104E_count_0.tsv,SRR579536,16366.0,9944.5,3742.1865,1537.0,6.33333
merged_Garnica_exp_PST_104E_count_0.tsv,SRR579537,12775.0,8763.5,3375.0705,1304.0,6.75
merged_Garnica_exp_PST_104E_count_0.tsv,SRR579538,15036.0,8842.5,3567.5,1544.5,10.0
merged_Corredor-Moreno_exp_PST_104E_count_0.tsv,16_0120,17703.5,8153.0,4352.752,687.5,2165.97
merged_Corredor-Moreno_exp_PST_104E_count_0.tsv,15_0130,4261.0,2115.5,894.7505000000001,109.5,249.838
merged_Corredor-Moreno_exp_PST_104E_count_0.tsv,15_0040,8578.0,3526.5,1885.25,355.5,1464.16
merged_Corredor-Moreno_exp_PST_104E_count_0.tsv,16_0612,8469.5,3633.5,1644.00075,293.5,1385.0
merged_Corredor-Moreno_exp_PST_104E_count_0.tsv,16_0607,9084.5,3166.0,1743.75,388.5,1108.0
merged_Corredor-Moreno_exp_PST_104E_count_0.tsv,16_0606,10516.0,3710.5,2038.75,548.0,694.0
merged_Corredor-Moreno_exp_PST_104E_count_0.tsv,16_0603,8853.5,2440.5,1737.37625,335.5,798.0
merged_Corredor-Moreno_exp_PST_104E_count_0.tsv,16_0206,9651.5,3501.0,1763.3675,378.5,905.0
merged_Corredor-Moreno_exp_PST_104E_count_0.tsv,16_0117,5174.5,2802.0,964.5005,119.0,135.0
merged_Corredor-Moreno_exp_PST_104E_count_0.tsv,16_0112,4129.0,2283.5,531.249,138.0,441.242
merged_Corredor-Moreno_exp_PST_104E_count_0.tsv,15_0499,6263.0,2381.0,1664.2369999999996,263.0,889.0
merged_Corredor-Moreno_exp_PST_104E_count_0.tsv,15_0417,1610.0,611.0,301.75,67.0,112.23
merged_Corredor-Moreno_exp_PST_104E_count_0.tsv,15_0406,1831.5,693.5,345.00125,53.0,176.0
merged_Corredor-Moreno_exp_PST_104E_count_0.tsv,15_0404,3214.0,1253.5,763.0,177.5,277.0
merged_Corredor-Moreno_exp_PST_104E_count_0.tsv,15_0398,4382.0,2083.5,1050.78925,200.5,311.0
merged_Corredor-Moreno_exp_PST_104E_count_0.tsv,15_0388,1917.0,660.5,330.74925,62.5,114.0
merged_Corredor-Moreno_exp_PST_104E_count_0.tsv,15_0386,8393.0,3443.0,1922.4715,473.5,639.729
merged_Corredor-Moreno_exp_PST_104E_count_0.tsv,15_0383,9709.5,3377.0,2411.7250000000004,624.0,874.134
merged_Corredor-Moreno_exp_PST_104E_count_0.tsv,15_0233,4043.0,1617.5,813.75,176.0,267.6
merged_Corredor-Moreno_exp_PST_104E_count_0.tsv,15_0128,3455.5,1838.0,720.7505,99.0,375.0
merged_Corredor-Moreno_exp_PST_104E_count_0.tsv,15_0124,2298.0,1350.5,426.00125,104.0,322.0
merged_Corredor-Moreno_exp_PST_104E_count_0.tsv,15_0123,7172.0,3766.5,2689.0,327.0,980.0
merged_Corredor-Moreno_exp_PST_104E_count_0.tsv,15_0104,8071.0,2783.5,2009.2492499999998,433.5,783.0
merged_Corredor-Moreno_exp_PST_104E_count_0.tsv,15_0095,9172.5,3157.5,2220.376,555.0,962.0
merged_Corredor-Moreno_exp_PST_104E_count_0.tsv,14_0083,1079.0,916.5,171.66070000000002,228.5,360.0
merged_Corredor-Moreno_exp_PST_104E_count_0.tsv,16_0365,6989.5,2557.5,1241.49975,293.0,129.0
merged_Hubbard_exp_PST_104E_count_0.tsv,01_34,417.5,2.5,1.0,0.0,0.0
merged_Hubbard_exp_PST_104E_count_0.tsv,11_75,10231.5,2870.0,2477.75,714.0,386.332
merged_Hubbard_exp_PST_104E_count_0.tsv,12_83,8613.0,3505.0,2375.25,582.0,496.0
merged_Hubbard_exp_PST_104E_count_0.tsv,12_86,17372.0,6226.0,4881.758000000001,1331.5,840.0
merged_Hubbard_exp_PST_104E_count_0.tsv,11_13,12252.0,3587.5,2750.75,801.0,605.0
merged_Hubbard_exp_PST_104E_count_0.tsv,03_07,733.5,0.0,0.0,0.0,0.0
merged_Hubbard_exp_PST_104E_count_0.tsv,11_08,11544.5,3459.0,3045.3125,936.0,526.0
merged_Hubbard_exp_PST_104E_count_0.tsv,13_09,5957.0,1727.0,1566.0,353.0,1940.38
merged_Hubbard_exp_PST_104E_count_0.tsv,13_12,4548.0,1915.5,1292.06,193.0,261.0
merged_Hubbard_exp_PST_104E_count_0.tsv,08_501,1102.5,0.0,0.0,0.0,0.0
merged_Hubbard_exp_PST_104E_count_0.tsv,11_128,14589.0,4336.5,3888.4759999999997,1129.0,442.483
merged_Hubbard_exp_PST_104E_count_0.tsv,11_140,653.0,0.0,0.25,0.0,0.0
merged_Hubbard_exp_PST_104E_count_0.tsv,13_120,8891.0,2779.0,2690.1594999999998,353.5,671.0
merged_Hubbard_exp_PST_104E_count_0.tsv,13_123,1551.0,463.5,264.0,57.0,87.0
merged_Hubbard_exp_PST_104E_count_0.tsv,13_14,8397.5,1982.5,1477.75,361.5,441.0
merged_Hubbard_exp_PST_104E_count_0.tsv,13_15,7137.5,1766.0,1838.75,556.0,2042.0
merged_Hubbard_exp_PST_104E_count_0.tsv,13_18,4367.0,978.0,1381.615,444.5,1786.0
merged_Hubbard_exp_PST_104E_count_0.tsv,13_182,7264.5,1832.5,1542.5,341.5,563.818
merged_Hubbard_exp_PST_104E_count_0.tsv,13_19,3349.0,695.0,764.5005,245.0,618.3
merged_Hubbard_exp_PST_104E_count_0.tsv,13_20,4044.0,1271.5,805.24975,160.0,336.0
merged_Hubbard_exp_PST_104E_count_0.tsv,13_21,7349.0,1915.5,1533.1464999999998,339.0,1057.14
merged_Hubbard_exp_PST_104E_count_0.tsv,13_22,8648.0,2643.0,1994.75025,433.0,3021.0
merged_Hubbard_exp_PST_104E_count_0.tsv,13_23,6878.5,2172.5,1475.75,312.5,904.511
merged_Hubbard_exp_PST_104E_count_0.tsv,13_24,11316.0,3615.5,2137.499,326.5,1305.0
merged_Hubbard_exp_PST_104E_count_0.tsv,13_25,8271.5,2492.5,1693.0417499999999,357.5,3230.0
merged_Hubbard_exp_PST_104E_count_0.tsv,13_26,3697.0,755.0,891.749,245.676,598.0
merged_Hubbard_exp_PST_104E_count_0.tsv,13_27,7436.5,1498.5,1822.6934999999999,379.5,1169.0
merged_Hubbard_exp_PST_104E_count_0.tsv,13_28,4169.5,931.0,866.2617500000001,216.0,865.0
merged_Hubbard_exp_PST_104E_count_0.tsv,13_29,6741.5,1622.0,1312.2507500000002,393.0,204.0
merged_Hubbard_exp_PST_104E_count_0.tsv,13_30,12106.5,3289.0,2547.25,618.5,673.187
merged_Hubbard_exp_PST_104E_count_0.tsv,13_32,11392.0,4006.5,2486.25,492.5,1028.79
merged_Hubbard_exp_PST_104E_count_0.tsv,13_33,15101.0,5501.0,3509.5,801.0,883.708
merged_Hubbard_exp_PST_104E_count_0.tsv,13_34,6182.0,1983.5,1338.2492499999998,345.0,927.0
merged_Hubbard_exp_PST_104E_count_0.tsv,13_35,8692.5,2424.5,1889.7530000000002,433.5,688.67
merged_Hubbard_exp_PST_104E_count_0.tsv,13_36,7592.5,1950.0,1528.0005,349.0,563.252
merged_Hubbard_exp_PST_104E_count_0.tsv,13_37,12963.5,4062.0,3562.4279999999994,795.0,3480.0
merged_Hubbard_exp_PST_104E_count_0.tsv,13_38,12547.5,4839.5,2877.75,569.5,1254.09
merged_Hubbard_exp_PST_104E_count_0.tsv,13_39,12794.0,3734.0,2716.8845,705.5,2091.21
merged_Hubbard_exp_PST_104E_count_0.tsv,13_40,10376.0,3289.5,2341.473,521.5,1262.26
merged_Hubbard_exp_PST_104E_count_0.tsv,13_42,9581.0,3667.0,2160.5,445.0,700.389
merged_Hubbard_exp_PST_104E_count_0.tsv,13_520,5591.5,2410.5,1271.4992499999998,255.0,411.0
merged_Hubbard_exp_PST_104E_count_0.tsv,13_65,9843.5,3594.5,3466.7970000000005,677.0,1356.0
merged_Hubbard_exp_PST_104E_count_0.tsv,13_71,3357.0,1118.0,894.2505,194.0,162.745
merged_Hubbard_exp_PST_104E_count_0.tsv,78_66,13727.0,4994.5,3307.035,722.5,617.058
merged_Hubbard_exp_PST_104E_count_0.tsv,87_66,965.0,0.0,0.0,0.0,0.0
merged_Hubbard_exp_PST_104E_count_0.tsv,88_44SS3,1037.5,0.0,0.0,0.0,0.0
merged_Hubbard_exp_PST_104E_count_0.tsv,88_45SS,289.0,0.0,0.0,0.0,0.0
merged_Hubbard_exp_PST_104E_count_0.tsv,88_55SS,712.5,3.0,1.25,0.0,0.0
merged_Hubbard_exp_PST_104E_count_0.tsv,CL1,20558.0,6835.0,4838.809499999999,1123.0,1119.0
merged_Hubbard_exp_PST_104E_count_0.tsv,RB2,0.0,0.0,0.0,0.0,0.0
merged_Hubbard_exp_PST_104E_count_0.tsv,RB1,0.0,0.0,0.0,0.0,0.0
merged_Hubbard_exp_PST_104E_count_0.tsv,T13_1,3491.5,652.5,814.99975,310.0,363.0
merged_Hubbard_exp_PST_104E_count_0.tsv,T13_2,3070.0,677.5,597.74975,141.0,91.0
merged_Hubbard_exp_PST_104E_count_0.tsv,T13_3,2485.5,523.0,443.99974999999995,91.5,69.0
